Timestamp,SnappedLat,SnappedLon,Speed,ModeID,CauseID,Boarding,Alighting,OnBoard,KilometerPostID,FilePath,DistrictID,secDiff,distanceDiff
2026-02-24 16:00:13,18.4150506,120.5938258,0,4,0,0,0,0,null,GPX_4_652142-1771840022559-eb5e6d4e-d3c0-42bd-8cc8-56fcfdc54ae3-1_20260224-160013.zip,18,,
2026-02-24 16:01:02,18.4150469,120.5938285,0,4,0,0,0,0,null,GPX_4_652142-1771840022559-eb5e6d4e-d3c0-42bd-8cc8-56fcfdc54ae3-1_20260224-160013.zip,18,49,0.5004082845728601
2026-02-24 16:01:16,18.415049,120.5938333,1,4,0,0,0,0,null,GPX_4_652142-1771840022559-eb5e6d4e-d3c0-42bd-8cc8-56fcfdc54ae3-1_20260224-160013.zip,18,14,0.5576489243268413
2026-02-24 16:01:25,18.4150445,120.5938362,1,4,0,0,0,0,null,GPX_4_652142-1771840022559-eb5e6d4e-d3c0-42bd-8cc8-56fcfdc54ae3-1_20260224-160013.zip,18,9,0.5865018746549211
2026-02-24 16:01:28,18.4150471,120.5938307,1,4,0,0,0,0,null,GPX_4_652142-1771840022559-eb5e6d4e-d3c0-42bd-8cc8-56fcfdc54ae3-1_20260224-160013.zip,18,3,0.6482893275093272
2026-02-24 16:01:34,18.4150504,120.5938257,0,4,0,0,0,0,null,GPX_4_652142-1771840022559-eb5e6d4e-d3c0-42bd-8cc8-56fcfdc54ae3-1_20260224-160013.zip,18,6,0.6425797649079141
2026-02-24 16:01:52,18.415057,120.5938232,0,4,0,0,0,0,null,GPX_4_652142-1771840022559-eb5e6d4e-d3c0-42bd-8cc8-56fcfdc54ae3-1_20260224-160013.zip,18,18,0.7798427816616257
2026-02-24 16:01:54,18.4150629,120.5938207,0,4,0,0,0,0,null,GPX_4_652142-1771840022559-eb5e6d4e-d3c0-42bd-8cc8-56fcfdc54ae3-1_20260224-160013.zip,18,2,0.7070834686606686
2026-02-24 16:02:00,18.4150675,120.5938204,0,4,0,0,0,0,null,GPX_4_652142-1771840022559-eb5e6d4e-d3c0-42bd-8cc8-56fcfdc54ae3-1_20260224-160013.zip,18,6,0.5124749522572091
2026-02-24 16:02:41,18.4150618,120.5938223,0,4,0,0,0,0,null,GPX_4_652142-1771840022559-eb5e6d4e-d3c0-42bd-8cc8-56fcfdc54ae3-1_20260224-160013.zip,18,41,0.6647536582034689
2026-02-24 16:02:44,18.415058,120.5938196,0,4,0,0,0,0,null,GPX_4_652142-1771840022559-eb5e6d4e-d3c0-42bd-8cc8-56fcfdc54ae3-1_20260224-160013.zip,18,3,0.509589712071722
2026-02-24 16:03:01,18.4150554,120.5938157,0,4,0,0,0,0,null,GPX_4_652142-1771840022559-eb5e6d4e-d3c0-42bd-8cc8-56fcfdc54ae3-1_20260224-160013.zip,18,17,0.5028687381536684
2026-02-24 16:03:03,18.4150514,120.5938204,0,4,0,0,0,0,null,GPX_4_652142-1771840022559-eb5e6d4e-d3c0-42bd-8cc8-56fcfdc54ae3-1_20260224-160013.zip,18,2,0.6661086603382751
2026-02-24 16:03:10,18.4150598,120.5938185,0,4,0,0,0,0,null,GPX_4_652142-1771840022559-eb5e6d4e-d3c0-42bd-8cc8-56fcfdc54ae3-1_20260224-160013.zip,18,7,0.9553045471305668
2026-02-24 16:03:22,18.415064,120.5938165,0,4,0,0,0,0,null,GPX_4_652142-1771840022559-eb5e6d4e-d3c0-42bd-8cc8-56fcfdc54ae3-1_20260224-160013.zip,18,12,0.5124727070087056
2026-02-24 16:03:38,18.4150571,120.5938231,3,4,0,0,0,0,null,GPX_4_652142-1771840022559-eb5e6d4e-d3c0-42bd-8cc8-56fcfdc54ae3-1_20260224-160013.zip,18,16,1.036102058667983
2026-02-24 16:03:39,18.4150516,120.5938282,0,4,0,0,0,0,null,GPX_4_652142-1771840022559-eb5e6d4e-d3c0-42bd-8cc8-56fcfdc54ae3-1_20260224-160013.zip,18,1,0.8145695619474614
2026-02-24 16:03:48,18.415056,120.5938294,0,4,0,0,0,0,null,GPX_4_652142-1771840022559-eb5e6d4e-d3c0-42bd-8cc8-56fcfdc54ae3-1_20260224-160013.zip,18,9,0.505372071054386
2026-02-24 16:03:55,18.4150607,120.5938317,0,4,0,0,0,0,null,GPX_4_652142-1771840022559-eb5e6d4e-d3c0-42bd-8cc8-56fcfdc54ae3-1_20260224-160013.zip,18,7,0.5762011376586335
2026-02-24 16:03:58,18.4150642,120.5938277,0,4,0,0,0,0,null,GPX_4_652142-1771840022559-eb5e6d4e-d3c0-42bd-8cc8-56fcfdc54ae3-1_20260224-160013.zip,18,3,0.5740645301731352
2026-02-24 16:04:06,18.4150672,120.5938237,0,4,0,0,0,0,null,GPX_4_652142-1771840022559-eb5e6d4e-d3c0-42bd-8cc8-56fcfdc54ae3-1_20260224-160013.zip,18,8,0.5379275661223758
2026-02-24 16:04:11,18.4150606,120.5938247,2,4,0,0,0,0,null,GPX_4_652142-1771840022559-eb5e6d4e-d3c0-42bd-8cc8-56fcfdc54ae3-1_20260224-160013.zip,18,5,0.741430962363979
2026-02-24 16:04:13,18.4150579,120.5938287,0,4,0,0,0,0,null,GPX_4_652142-1771840022559-eb5e6d4e-d3c0-42bd-8cc8-56fcfdc54ae3-1_20260224-160013.zip,18,2,0.5179026035116486
2026-02-24 16:04:23,18.4150572,120.5938215,1,4,0,0,0,0,null,GPX_4_652142-1771840022559-eb5e6d4e-d3c0-42bd-8cc8-56fcfdc54ae3-1_20260224-160013.zip,18,10,0.763584502047798
2026-02-24 16:06:20,18.4150559,120.5938169,0,4,0,0,0,0,null,GPX_4_652142-1771840022559-eb5e6d4e-d3c0-42bd-8cc8-56fcfdc54ae3-1_20260224-160013.zip,18,117,0.5063754686307448
2026-02-24 16:11:29,18.4150524,120.5938138,0,4,0,0,0,0,null,GPX_4_652142-1771840022559-eb5e6d4e-d3c0-42bd-8cc8-56fcfdc54ae3-1_20260224-160013.zip,18,309,0.5083566589270154
2026-02-24 16:12:10,18.4150529,120.5938082,1,4,0,0,0,0,null,GPX_4_652142-1771840022559-eb5e6d4e-d3c0-42bd-8cc8-56fcfdc54ae3-1_20260224-160013.zip,18,41,0.5934156745628281
2026-02-24 16:12:21,18.4150559,120.593812,0,4,0,0,0,0,null,GPX_4_652142-1771840022559-eb5e6d4e-d3c0-42bd-8cc8-56fcfdc54ae3-1_20260224-160013.zip,18,11,0.5215386652701457
2026-02-24 16:12:31,18.4150492,120.5938244,5,4,0,0,0,0,null,GPX_4_652142-1771840022559-eb5e6d4e-d3c0-42bd-8cc8-56fcfdc54ae3-1_20260224-160013.zip,18,10,1.5054742741140394
2026-02-24 16:12:33,18.415036,120.5938235,6,4,0,0,0,0,null,GPX_4_652142-1771840022559-eb5e6d4e-d3c0-42bd-8cc8-56fcfdc54ae3-1_20260224-160013.zip,18,2,1.4708410321976066
2026-02-24 16:12:35,18.4150409,120.5938219,0,4,0,0,0,0,null,GPX_4_652142-1771840022559-eb5e6d4e-d3c0-42bd-8cc8-56fcfdc54ae3-1_20260224-160013.zip,18,2,0.570404326011795
2026-02-24 16:12:41,18.4150452,120.5938183,1,4,0,0,0,0,null,GPX_4_652142-1771840022559-eb5e6d4e-d3c0-42bd-8cc8-56fcfdc54ae3-1_20260224-160013.zip,18,6,0.6106282360500471
2026-02-24 16:12:43,18.415047,120.5938123,1,4,0,0,0,0,null,GPX_4_652142-1771840022559-eb5e6d4e-d3c0-42bd-8cc8-56fcfdc54ae3-1_20260224-160013.zip,18,2,0.6638951706159307
2026-02-24 16:12:47,18.415049,120.5938076,1,4,0,0,0,0,null,GPX_4_652142-1771840022559-eb5e6d4e-d3c0-42bd-8cc8-56fcfdc54ae3-1_20260224-160013.zip,18,4,0.5434418282156079
2026-02-24 16:12:57,18.415046,120.5938031,0,4,0,0,0,0,null,GPX_4_652142-1771840022559-eb5e6d4e-d3c0-42bd-8cc8-56fcfdc54ae3-1_20260224-160013.zip,18,10,0.5802331795076575
2026-02-24 16:13:47,18.4150408,120.593806,1,4,0,0,0,0,null,GPX_4_652142-1771840022559-eb5e6d4e-d3c0-42bd-8cc8-56fcfdc54ae3-1_20260224-160013.zip,18,50,0.6541698015540574
2026-02-24 16:14:42,18.4150443,120.5938094,0,4,0,0,0,0,null,GPX_4_652142-1771840022559-eb5e6d4e-d3c0-42bd-8cc8-56fcfdc54ae3-1_20260224-160013.zip,18,55,0.5292739355463325
2026-02-24 16:15:43,18.4150475,120.5938041,0,4,0,0,0,0,null,GPX_4_652142-1771840022559-eb5e6d4e-d3c0-42bd-8cc8-56fcfdc54ae3-1_20260224-160013.zip,18,61,0.6627707525966158
2026-02-24 16:20:20,18.4150505,120.5937993,0,4,0,0,0,0,null,GPX_4_652142-1771840022559-eb5e6d4e-d3c0-42bd-8cc8-56fcfdc54ae3-1_20260224-160013.zip,18,277,0.6064029274429912
2026-02-24 16:22:37,18.4183151,120.59284,0,4,0,0,0,0,null,GPX_4_652142-1771840022559-eb5e6d4e-d3c0-42bd-8cc8-56fcfdc54ae3-1_20260224-160013.zip,18,137,376.85107275012604
2026-02-24 16:23:22,18.4150455,120.5937391,1,4,0,0,0,0,null,GPX_4_652142-1771840022559-eb5e6d4e-d3c0-42bd-8cc8-56fcfdc54ae3-1_20260224-160013.zip,18,45,375.73325916076465
2026-02-24 16:23:23,18.4150653,120.593801,0,4,0,0,0,0,null,GPX_4_652142-1771840022559-eb5e6d4e-d3c0-42bd-8cc8-56fcfdc54ae3-1_20260224-160013.zip,18,1,6.8916520462047135
2026-02-24 16:23:25,18.4150665,120.5937963,0,4,0,0,0,0,null,GPX_4_652142-1771840022559-eb5e6d4e-d3c0-42bd-8cc8-56fcfdc54ae3-1_20260224-160013.zip,18,2,0.5134942386028143
2026-02-24 16:30:47,18.4150685,120.5938012,1,4,0,0,0,0,null,GPX_4_652142-1771840022559-eb5e6d4e-d3c0-42bd-8cc8-56fcfdc54ae3-1_20260224-160013.zip,18,442,0.5627605509495112
2026-02-24 16:30:49,18.4150686,120.5938082,0,4,0,0,0,0,null,GPX_4_652142-1771840022559-eb5e6d4e-d3c0-42bd-8cc8-56fcfdc54ae3-1_20260224-160013.zip,18,2,0.7385904550462964
2026-02-24 16:30:54,18.4150667,120.5938125,0,4,0,0,0,0,null,GPX_4_652142-1771840022559-eb5e6d4e-d3c0-42bd-8cc8-56fcfdc54ae3-1_20260224-160013.zip,18,5,0.5004370602831463
2026-02-24 16:33:59,18.4183151,120.59284,0,4,0,0,0,0,null,GPX_4_652142-1771840022559-eb5e6d4e-d3c0-42bd-8cc8-56fcfdc54ae3-1_20260224-160013.zip,18,185,375.494317747131
2026-02-24 16:36:46,18.412954,120.5949978,0,4,0,0,0,0,null,GPX_4_652142-1771840022559-eb5e6d4e-d3c0-42bd-8cc8-56fcfdc54ae3-1_20260224-160013.zip,18,167,638.1157553608933
2026-02-24 16:37:54,18.4183151,120.59284,0,4,0,0,0,0,null,GPX_4_652142-1771840022559-eb5e6d4e-d3c0-42bd-8cc8-56fcfdc54ae3-1_20260224-160013.zip,18,68,638.1157553608933
2026-02-24 16:38:10,18.412954,120.5949978,0,4,0,0,0,0,null,GPX_4_652142-1771840022559-eb5e6d4e-d3c0-42bd-8cc8-56fcfdc54ae3-1_20260224-160013.zip,18,16,638.1157553608933
2026-02-24 16:38:58,18.4183151,120.59284,0,4,0,0,0,0,null,GPX_4_652142-1771840022559-eb5e6d4e-d3c0-42bd-8cc8-56fcfdc54ae3-1_20260224-160013.zip,18,48,638.1157553608933
2026-02-24 16:39:12,18.412954,120.5949978,0,4,0,0,0,0,null,GPX_4_652142-1771840022559-eb5e6d4e-d3c0-42bd-8cc8-56fcfdc54ae3-1_20260224-160013.zip,18,14,638.1157553608933
2026-02-24 16:40:00,18.4183151,120.59284,0,4,0,0,0,0,null,GPX_4_652142-1771840022559-eb5e6d4e-d3c0-42bd-8cc8-56fcfdc54ae3-1_20260224-160013.zip,18,48,638.1157553608933
2026-02-24 16:40:13,18.412954,120.5949978,0,4,0,0,0,0,null,GPX_4_652142-1771840022559-eb5e6d4e-d3c0-42bd-8cc8-56fcfdc54ae3-1_20260224-160013.zip,18,13,638.1157553608933
2026-02-24 16:41:10,18.4151484,120.5938552,0,4,0,0,0,0,null,GPX_4_652142-1771840022559-eb5e6d4e-d3c0-42bd-8cc8-56fcfdc54ae3-1_20260224-160013.zip,18,57,272.1587136801004
2026-02-24 16:41:11,18.415061,120.5937995,0,4,0,0,0,0,null,GPX_4_652142-1771840022559-eb5e6d4e-d3c0-42bd-8cc8-56fcfdc54ae3-1_20260224-160013.zip,18,1,11.356941297890106
2026-02-24 16:41:12,18.4150547,120.5937964,0,4,0,0,0,0,null,GPX_4_652142-1771840022559-eb5e6d4e-d3c0-42bd-8cc8-56fcfdc54ae3-1_20260224-160013.zip,18,1,0.7731126715878359
2026-02-24 16:41:15,18.4150599,120.5938012,0,4,0,0,0,0,null,GPX_4_652142-1771840022559-eb5e6d4e-d3c0-42bd-8cc8-56fcfdc54ae3-1_20260224-160013.zip,18,3,0.7686199769923362
2026-02-24 16:41:20,18.415064,120.5938046,0,4,0,0,0,0,null,GPX_4_652142-1771840022559-eb5e6d4e-d3c0-42bd-8cc8-56fcfdc54ae3-1_20260224-160013.zip,18,5,0.5800966568254645
2026-02-24 16:48:08,18.4150713,120.5938059,1,4,0,0,0,0,null,GPX_4_652142-1771840022559-eb5e6d4e-d3c0-42bd-8cc8-56fcfdc54ae3-1_20260224-160013.zip,18,408,0.8232281809000186
2026-02-24 16:48:11,18.4150688,120.5938107,0,4,0,0,0,0,null,GPX_4_652142-1771840022559-eb5e6d4e-d3c0-42bd-8cc8-56fcfdc54ae3-1_20260224-160013.zip,18,3,0.577687277469958
2026-02-24 16:49:41,18.415071,120.5938166,1,4,0,0,0,0,null,GPX_4_652142-1771840022559-eb5e6d4e-d3c0-42bd-8cc8-56fcfdc54ae3-1_20260224-160013.zip,18,90,0.6688006766439899
2026-02-24 16:49:42,18.4150671,120.5938198,1,4,0,0,0,0,null,GPX_4_652142-1771840022559-eb5e6d4e-d3c0-42bd-8cc8-56fcfdc54ae3-1_20260224-160013.zip,18,1,0.5495789516500997
2026-02-24 16:49:43,18.4150614,120.593821,2,4,0,0,0,0,null,GPX_4_652142-1771840022559-eb5e6d4e-d3c0-42bd-8cc8-56fcfdc54ae3-1_20260224-160013.zip,18,1,0.6463314487211115
2026-02-24 16:49:44,18.4150563,120.5938236,3,4,0,0,0,0,null,GPX_4_652142-1771840022559-eb5e6d4e-d3c0-42bd-8cc8-56fcfdc54ae3-1_20260224-160013.zip,18,1,0.6299504904555124
2026-02-24 16:49:46,18.4150562,120.5938188,0,4,0,0,0,0,null,GPX_4_652142-1771840022559-eb5e6d4e-d3c0-42bd-8cc8-56fcfdc54ae3-1_20260224-160013.zip,18,2,0.5065267283714813
2026-02-24 16:49:51,18.4150552,120.593814,0,4,0,0,0,0,null,GPX_4_652142-1771840022559-eb5e6d4e-d3c0-42bd-8cc8-56fcfdc54ae3-1_20260224-160013.zip,18,5,0.518468896582044
2026-02-24 16:49:54,18.4150604,120.5938109,3,4,0,0,0,0,null,GPX_4_652142-1771840022559-eb5e6d4e-d3c0-42bd-8cc8-56fcfdc54ae3-1_20260224-160013.zip,18,3,0.6643001275998625
2026-02-24 16:49:56,18.4150669,120.5938176,0,4,0,0,0,0,null,GPX_4_652142-1771840022559-eb5e6d4e-d3c0-42bd-8cc8-56fcfdc54ae3-1_20260224-160013.zip,18,2,1.0109590753682802
2026-02-24 16:49:58,18.41507,120.5938215,2,4,0,0,0,0,null,GPX_4_652142-1771840022559-eb5e6d4e-d3c0-42bd-8cc8-56fcfdc54ae3-1_20260224-160013.zip,18,2,0.536763666083328
2026-02-24 16:49:59,18.4150703,120.5938279,1,4,0,0,0,0,null,GPX_4_652142-1771840022559-eb5e6d4e-d3c0-42bd-8cc8-56fcfdc54ae3-1_20260224-160013.zip,18,1,0.6760296962940984
2026-02-24 16:50:00,18.4150715,120.5938356,0,4,0,0,0,0,null,GPX_4_652142-1771840022559-eb5e6d4e-d3c0-42bd-8cc8-56fcfdc54ae3-1_20260224-160013.zip,18,1,0.8232430845654897
2026-02-24 16:50:02,18.4150754,120.5938386,0,4,0,0,0,0,null,GPX_4_652142-1771840022559-eb5e6d4e-d3c0-42bd-8cc8-56fcfdc54ae3-1_20260224-160013.zip,18,2,0.5368754563819884
2026-02-24 16:50:07,18.4150787,120.5938352,0,4,0,0,0,0,null,GPX_4_652142-1771840022559-eb5e6d4e-d3c0-42bd-8cc8-56fcfdc54ae3-1_20260224-160013.zip,18,5,0.5131426537819994
2026-02-24 16:50:11,18.4150772,120.5938286,0,4,0,0,0,0,null,GPX_4_652142-1771840022559-eb5e6d4e-d3c0-42bd-8cc8-56fcfdc54ae3-1_20260224-160013.zip,18,4,0.7160043298424005
2026-02-24 16:50:16,18.4150779,120.5938358,0,4,0,0,0,0,null,GPX_4_652142-1771840022559-eb5e6d4e-d3c0-42bd-8cc8-56fcfdc54ae3-1_20260224-160013.zip,18,5,0.7635844142255953
2026-02-24 16:50:22,18.4150831,120.593836,0,4,0,0,0,0,null,GPX_4_652142-1771840022559-eb5e6d4e-d3c0-42bd-8cc8-56fcfdc54ae3-1_20260224-160013.zip,18,6,0.5785984849720156
2026-02-24 16:50:29,18.4150871,120.593831,0,4,0,0,0,0,null,GPX_4_652142-1771840022559-eb5e6d4e-d3c0-42bd-8cc8-56fcfdc54ae3-1_20260224-160013.zip,18,7,0.6899929489909908
2026-02-24 16:50:40,18.4150864,120.5938254,0,4,0,0,0,0,null,GPX_4_652142-1771840022559-eb5e6d4e-d3c0-42bd-8cc8-56fcfdc54ae3-1_20260224-160013.zip,18,11,0.5959106120526289
2026-02-24 16:50:51,18.4150819,120.5938258,0,4,0,0,0,0,null,GPX_4_652142-1771840022559-eb5e6d4e-d3c0-42bd-8cc8-56fcfdc54ae3-1_20260224-160013.zip,18,11,0.5021535465828562
2026-02-24 16:51:35,18.4183151,120.59284,0,4,0,0,0,0,null,GPX_4_652142-1771840022559-eb5e6d4e-d3c0-42bd-8cc8-56fcfdc54ae3-1_20260224-160013.zip,18,44,374.25624549579845
2026-02-24 16:57:02,18.4150252,120.5937251,2,4,0,0,0,0,null,GPX_4_652142-1771840022559-eb5e6d4e-d3c0-42bd-8cc8-56fcfdc54ae3-1_20260224-160013.zip,18,327,377.5498219719938
2026-02-24 16:57:03,18.4150718,120.593805,0,4,0,0,0,0,null,GPX_4_652142-1771840022559-eb5e6d4e-d3c0-42bd-8cc8-56fcfdc54ae3-1_20260224-160013.zip,18,1,9.894785862184673
2026-02-24 16:57:04,18.4150738,120.5938099,0,4,0,0,0,0,null,GPX_4_652142-1771840022559-eb5e6d4e-d3c0-42bd-8cc8-56fcfdc54ae3-1_20260224-160013.zip,18,1,0.5627605347906676
2026-02-24 16:57:06,18.4150699,120.5938167,0,4,0,0,0,0,null,GPX_4_652142-1771840022559-eb5e6d4e-d3c0-42bd-8cc8-56fcfdc54ae3-1_20260224-160013.zip,18,2,0.8382919114877875
2026-02-24 16:57:07,18.4150647,120.593816,0,4,0,0,0,0,null,GPX_4_652142-1771840022559-eb5e6d4e-d3c0-42bd-8cc8-56fcfdc54ae3-1_20260224-160013.zip,18,1,0.5829107230095094
2026-02-24 16:57:11,18.4150673,120.5938206,0,4,0,0,0,0,null,GPX_4_652142-1771840022559-eb5e6d4e-d3c0-42bd-8cc8-56fcfdc54ae3-1_20260224-160013.zip,18,4,0.5648921564164383
2026-02-24 16:59:29,18.4150728,120.5938191,0,4,0,0,0,0,null,GPX_4_652142-1771840022559-eb5e6d4e-d3c0-42bd-8cc8-56fcfdc54ae3-1_20260224-160013.zip,18,138,0.6317150852673962
2026-02-24 16:59:33,18.4150726,120.5938141,0,4,0,0,0,0,null,GPX_4_652142-1771840022559-eb5e6d4e-d3c0-42bd-8cc8-56fcfdc54ae3-1_20260224-160013.zip,18,4,0.5279733845559521
2026-02-24 17:00:54,18.4150738,120.5938095,0,4,0,0,0,0,null,GPX_4_652142-1771840022559-eb5e6d4e-d3c0-42bd-8cc8-56fcfdc54ae3-1_20260224-160013.zip,18,81,0.5033140075895762
2026-02-24 17:04:10,18.4150717,120.5938053,0,4,0,0,0,0,null,GPX_4_652142-1771840022559-eb5e6d4e-d3c0-42bd-8cc8-56fcfdc54ae3-1_20260224-160013.zip,18,196,0.5008670522438532
2026-02-24 17:04:22,18.4150629,120.5938011,2,4,0,0,0,0,null,GPX_4_652142-1771840022559-eb5e6d4e-d3c0-42bd-8cc8-56fcfdc54ae3-1_20260224-160013.zip,18,12,1.074166421335751
2026-02-24 17:04:23,18.4150496,120.5937982,1,4,0,0,0,0,null,GPX_4_652142-1771840022559-eb5e6d4e-d3c0-42bd-8cc8-56fcfdc54ae3-1_20260224-160013.zip,18,1,1.5102086693269734
2026-02-24 17:04:25,18.4150406,120.5937998,2,4,0,0,0,0,null,GPX_4_652142-1771840022559-eb5e6d4e-d3c0-42bd-8cc8-56fcfdc54ae3-1_20260224-160013.zip,18,2,1.0148907414124801
2026-02-24 17:04:26,18.4150293,120.5938042,5,4,0,0,0,0,null,GPX_4_652142-1771840022559-eb5e6d4e-d3c0-42bd-8cc8-56fcfdc54ae3-1_20260224-160013.zip,18,1,1.3395090983211115
2026-02-24 17:04:27,18.4150215,120.5938104,4,4,0,0,0,0,null,GPX_4_652142-1771840022559-eb5e6d4e-d3c0-42bd-8cc8-56fcfdc54ae3-1_20260224-160013.zip,18,1,1.0863238783224545
2026-02-24 17:04:28,18.4150135,120.5938179,4,4,0,0,0,0,null,GPX_4_652142-1771840022559-eb5e6d4e-d3c0-42bd-8cc8-56fcfdc54ae3-1_20260224-160013.zip,18,1,1.1905479107623573
2026-02-24 17:04:29,18.4150053,120.5938244,4,4,0,0,0,0,null,GPX_4_652142-1771840022559-eb5e6d4e-d3c0-42bd-8cc8-56fcfdc54ae3-1_20260224-160013.zip,18,1,1.1408936407589014
2026-02-24 17:04:30,18.4149975,120.5938309,4,4,0,0,0,0,null,GPX_4_652142-1771840022559-eb5e6d4e-d3c0-42bd-8cc8-56fcfdc54ae3-1_20260224-160013.zip,18,1,1.105670271266992
2026-02-24 17:04:32,18.4149852,120.5938386,5,4,0,0,0,0,null,GPX_4_652142-1771840022559-eb5e6d4e-d3c0-42bd-8cc8-56fcfdc54ae3-1_20260224-160013.zip,18,2,1.5907614193710475
2026-02-24 17:04:33,18.4149757,120.5938441,3,4,0,0,0,0,null,GPX_4_652142-1771840022559-eb5e6d4e-d3c0-42bd-8cc8-56fcfdc54ae3-1_20260224-160013.zip,18,1,1.2052284816521381
2026-02-24 17:04:34,18.4149708,120.5938478,1,4,0,0,0,0,null,GPX_4_652142-1771840022559-eb5e6d4e-d3c0-42bd-8cc8-56fcfdc54ae3-1_20260224-160013.zip,18,1,0.670256071216146
2026-02-24 17:04:35,18.4149644,120.593856,3,4,0,0,0,0,null,GPX_4_652142-1771840022559-eb5e6d4e-d3c0-42bd-8cc8-56fcfdc54ae3-1_20260224-160013.zip,18,1,1.1202030053826937
2026-02-24 17:04:38,18.4149677,120.5938649,0,4,0,0,0,0,null,GPX_4_652142-1771840022559-eb5e6d4e-d3c0-42bd-8cc8-56fcfdc54ae3-1_20260224-160013.zip,18,3,1.0081129003499918
2026-02-24 17:04:45,18.4149785,120.5938605,3,4,0,0,0,0,null,GPX_4_652142-1771840022559-eb5e6d4e-d3c0-42bd-8cc8-56fcfdc54ae3-1_20260224-160013.zip,18,7,1.28750112050389
2026-02-24 17:04:46,18.4149874,120.5938519,5,4,0,0,0,0,null,GPX_4_652142-1771840022559-eb5e6d4e-d3c0-42bd-8cc8-56fcfdc54ae3-1_20260224-160013.zip,18,1,1.3426042921043049
2026-02-24 17:04:47,18.4149934,120.59384,5,4,0,0,0,0,null,GPX_4_652142-1771840022559-eb5e6d4e-d3c0-42bd-8cc8-56fcfdc54ae3-1_20260224-160013.zip,18,1,1.4217243626341727
2026-02-24 17:04:48,18.4149964,120.5938291,4,4,0,0,0,0,null,GPX_4_652142-1771840022559-eb5e6d4e-d3c0-42bd-8cc8-56fcfdc54ae3-1_20260224-160013.zip,18,1,1.1973675751559918
2026-02-24 17:04:49,18.4150006,120.5938254,3,4,0,0,0,0,null,GPX_4_652142-1771840022559-eb5e6d4e-d3c0-42bd-8cc8-56fcfdc54ae3-1_20260224-160013.zip,18,1,0.6086727276582266
2026-02-24 17:04:50,18.41501,120.5938221,4,4,0,0,0,0,null,GPX_4_652142-1771840022559-eb5e6d4e-d3c0-42bd-8cc8-56fcfdc54ae3-1_20260224-160013.zip,18,1,1.101690205936754
2026-02-24 17:04:51,18.4150186,120.593817,4,4,0,0,0,0,null,GPX_4_652142-1771840022559-eb5e6d4e-d3c0-42bd-8cc8-56fcfdc54ae3-1_20260224-160013.zip,18,1,1.0972546513717958
2026-02-24 17:04:52,18.4150225,120.5938131,3,4,0,0,0,0,null,GPX_4_652142-1771840022559-eb5e6d4e-d3c0-42bd-8cc8-56fcfdc54ae3-1_20260224-160013.zip,18,1,0.5977921643103788
2026-02-24 17:04:53,18.4150283,120.5938103,3,4,0,0,0,0,null,GPX_4_652142-1771840022559-eb5e6d4e-d3c0-42bd-8cc8-56fcfdc54ae3-1_20260224-160013.zip,18,1,0.7093646769304774
2026-02-24 17:04:54,18.4150325,120.5938039,3,4,0,0,0,0,null,GPX_4_652142-1771840022559-eb5e6d4e-d3c0-42bd-8cc8-56fcfdc54ae3-1_20260224-160013.zip,18,1,0.8209811406979931
2026-02-24 17:04:56,18.4150378,120.5938012,2,4,0,0,0,0,null,GPX_4_652142-1771840022559-eb5e6d4e-d3c0-42bd-8cc8-56fcfdc54ae3-1_20260224-160013.zip,18,2,0.6545643993421507
2026-02-24 17:04:57,18.4150401,120.5937969,2,4,0,0,0,0,null,GPX_4_652142-1771840022559-eb5e6d4e-d3c0-42bd-8cc8-56fcfdc54ae3-1_20260224-160013.zip,18,1,0.5207776526470802
2026-02-24 17:04:58,18.4150426,120.5937906,2,4,0,0,0,0,null,GPX_4_652142-1771840022559-eb5e6d4e-d3c0-42bd-8cc8-56fcfdc54ae3-1_20260224-160013.zip,18,1,0.7204476272445417
2026-02-24 17:04:59,18.4150445,120.5937789,4,4,0,0,0,0,null,GPX_4_652142-1771840022559-eb5e6d4e-d3c0-42bd-8cc8-56fcfdc54ae3-1_20260224-160013.zip,18,1,1.252311214307648
2026-02-24 17:07:26,18.4183151,120.59284,0,4,0,0,0,0,null,GPX_4_652142-1771840022559-eb5e6d4e-d3c0-42bd-8cc8-56fcfdc54ae3-1_20260224-160013.zip,18,147,376.9224738544574
2026-02-24 17:08:19,18.4150782,120.5938045,0,4,0,0,0,0,null,GPX_4_652142-1771840022559-eb5e6d4e-d3c0-42bd-8cc8-56fcfdc54ae3-1_20260224-160013.zip,18,53,374.03390969413374
2026-02-24 17:08:21,18.4150542,120.5937924,0,4,0,0,0,0,null,GPX_4_652142-1771840022559-eb5e6d4e-d3c0-42bd-8cc8-56fcfdc54ae3-1_20260224-160013.zip,18,2,2.9582855300878204
2026-02-24 17:08:22,18.4150531,120.5937857,0,4,0,0,0,0,null,GPX_4_652142-1771840022559-eb5e6d4e-d3c0-42bd-8cc8-56fcfdc54ae3-1_20260224-160013.zip,18,1,0.7173611069858254
2026-02-24 17:08:25,18.4150572,120.5937887,0,4,0,0,0,0,null,GPX_4_652142-1771840022559-eb5e6d4e-d3c0-42bd-8cc8-56fcfdc54ae3-1_20260224-160013.zip,18,3,0.5549938526974442
2026-02-24 17:08:27,18.4150575,120.5937812,0,4,0,0,0,0,null,GPX_4_652142-1771840022559-eb5e6d4e-d3c0-42bd-8cc8-56fcfdc54ae3-1_20260224-160013.zip,18,2,0.7919601480832744
2026-02-24 17:08:36,18.415053,120.5937826,0,4,0,0,0,0,null,GPX_4_652142-1771840022559-eb5e6d4e-d3c0-42bd-8cc8-56fcfdc54ae3-1_20260224-160013.zip,18,9,0.5217211939596799
2026-02-24 17:08:59,18.4150581,120.593783,0,4,0,0,0,0,null,GPX_4_652142-1771840022559-eb5e6d4e-d3c0-42bd-8cc8-56fcfdc54ae3-1_20260224-160013.zip,18,23,0.5686621320024768
2026-02-24 17:09:16,18.4150626,120.5937832,0,4,0,0,0,0,null,GPX_4_652142-1771840022559-eb5e6d4e-d3c0-42bd-8cc8-56fcfdc54ae3-1_20260224-160013.zip,18,17,0.5008218548237756
2026-02-24 17:09:39,18.4150672,120.5937817,0,4,0,0,0,0,null,GPX_4_652142-1771840022559-eb5e6d4e-d3c0-42bd-8cc8-56fcfdc54ae3-1_20260224-160013.zip,18,23,0.535417927864953
2026-02-24 17:11:59,18.4150644,120.5937867,0,4,0,0,0,0,null,GPX_4_652142-1771840022559-eb5e6d4e-d3c0-42bd-8cc8-56fcfdc54ae3-1_20260224-160013.zip,18,140,0.6125337121364307
2026-02-24 17:12:06,18.4150572,120.5937889,0,4,0,0,0,0,null,GPX_4_652142-1771840022559-eb5e6d4e-d3c0-42bd-8cc8-56fcfdc54ae3-1_20260224-160013.zip,18,7,0.8335690246786828
2026-02-24 17:12:07,18.4150547,120.593795,2,4,0,0,0,0,null,GPX_4_652142-1771840022559-eb5e6d4e-d3c0-42bd-8cc8-56fcfdc54ae3-1_20260224-160013.zip,18,1,0.7010286583406639
2026-02-24 17:12:08,18.4150511,120.593801,2,4,0,0,0,0,null,GPX_4_652142-1771840022559-eb5e6d4e-d3c0-42bd-8cc8-56fcfdc54ae3-1_20260224-160013.zip,18,1,0.7489578597612976
2026-02-24 17:12:09,18.4150488,120.5938084,2,4,0,0,0,0,null,GPX_4_652142-1771840022559-eb5e6d4e-d3c0-42bd-8cc8-56fcfdc54ae3-1_20260224-160013.zip,18,1,0.8215296526853026
2026-02-24 17:12:10,18.4150472,120.5938146,0,4,0,0,0,0,null,GPX_4_652142-1771840022559-eb5e6d4e-d3c0-42bd-8cc8-56fcfdc54ae3-1_20260224-160013.zip,18,1,0.6778697293436445
2026-02-24 17:12:12,18.4150429,120.5938174,0,4,0,0,0,0,null,GPX_4_652142-1771840022559-eb5e6d4e-d3c0-42bd-8cc8-56fcfdc54ae3-1_20260224-160013.zip,18,2,0.5620310512184877
2026-02-24 17:12:14,18.4150473,120.593816,1,4,0,0,0,0,null,GPX_4_652142-1771840022559-eb5e6d4e-d3c0-42bd-8cc8-56fcfdc54ae3-1_20260224-160013.zip,18,2,0.5110663064985765
2026-02-24 17:12:15,18.4150492,120.5938117,1,4,0,0,0,0,null,GPX_4_652142-1771840022559-eb5e6d4e-d3c0-42bd-8cc8-56fcfdc54ae3-1_20260224-160013.zip,18,1,0.5004371064776459
2026-02-24 17:12:21,18.4150505,120.5938168,0,4,0,0,0,0,null,GPX_4_652142-1771840022559-eb5e6d4e-d3c0-42bd-8cc8-56fcfdc54ae3-1_20260224-160013.zip,18,6,0.5571344925322526
2026-02-24 17:12:26,18.4150505,120.5938114,0,4,0,0,0,0,null,GPX_4_652142-1771840022559-eb5e6d4e-d3c0-42bd-8cc8-56fcfdc54ae3-1_20260224-160013.zip,18,5,0.5697052649682276
2026-02-24 17:12:30,18.4150541,120.5938076,0,4,0,0,0,0,null,GPX_4_652142-1771840022559-eb5e6d4e-d3c0-42bd-8cc8-56fcfdc54ae3-1_20260224-160013.zip,18,4,0.5665379578250996
2026-02-24 17:12:58,18.4150587,120.5938106,0,4,0,0,0,0,null,GPX_4_652142-1771840022559-eb5e6d4e-d3c0-42bd-8cc8-56fcfdc54ae3-1_20260224-160013.zip,18,28,0.6015005655114269
2026-02-24 17:13:18,18.4150567,120.5938062,2,4,0,0,0,0,null,GPX_4_652142-1771840022559-eb5e6d4e-d3c0-42bd-8cc8-56fcfdc54ae3-1_20260224-160013.zip,18,20,0.5147259966951481
2026-02-24 17:13:22,18.4150524,120.5938029,0,4,0,0,0,0,null,GPX_4_652142-1771840022559-eb5e6d4e-d3c0-42bd-8cc8-56fcfdc54ae3-1_20260224-160013.zip,18,4,0.591461563684944
2026-02-24 17:13:26,18.4150518,120.5937974,0,4,0,0,0,0,null,GPX_4_652142-1771840022559-eb5e6d4e-d3c0-42bd-8cc8-56fcfdc54ae3-1_20260224-160013.zip,18,4,0.5840782761388104
2026-02-24 17:15:41,18.4150503,120.5937904,2,4,0,0,0,0,null,GPX_4_652142-1771840022559-eb5e6d4e-d3c0-42bd-8cc8-56fcfdc54ae3-1_20260224-160013.zip,18,135,0.7571076736058661
2026-02-24 17:15:43,18.4150552,120.5937871,0,4,0,0,0,0,null,GPX_4_652142-1771840022559-eb5e6d4e-d3c0-42bd-8cc8-56fcfdc54ae3-1_20260224-160013.zip,18,2,0.6465893476511867
2026-02-24 17:15:45,18.4150538,120.5937824,0,4,0,0,0,0,null,GPX_4_652142-1771840022559-eb5e6d4e-d3c0-42bd-8cc8-56fcfdc54ae3-1_20260224-160013.zip,18,2,0.5197170459241991
2026-02-24 17:16:12,18.41505,120.5937859,1,4,0,0,0,0,null,GPX_4_652142-1771840022559-eb5e6d4e-d3c0-42bd-8cc8-56fcfdc54ae3-1_20260224-160013.zip,18,27,0.561149482915339
2026-02-24 17:16:15,18.4150541,120.5937895,0,4,0,0,0,0,null,GPX_4_652142-1771840022559-eb5e6d4e-d3c0-42bd-8cc8-56fcfdc54ae3-1_20260224-160013.zip,18,3,0.593375752502899
2026-02-24 17:16:41,18.4150503,120.5937921,0,4,0,0,0,0,null,GPX_4_652142-1771840022559-eb5e6d4e-d3c0-42bd-8cc8-56fcfdc54ae3-1_20260224-160013.zip,18,26,0.5037683401071834
2026-02-24 17:17:04,18.4150472,120.5937972,2,4,0,0,0,0,null,GPX_4_652142-1771840022559-eb5e6d4e-d3c0-42bd-8cc8-56fcfdc54ae3-1_20260224-160013.zip,18,23,0.6390025001886545
2026-02-24 17:17:41,18.415052,120.593797,0,4,0,0,0,0,null,GPX_4_652142-1771840022559-eb5e6d4e-d3c0-42bd-8cc8-56fcfdc54ae3-1_20260224-160013.zip,18,37,0.5341525624660269
2026-02-24 17:17:42,18.4150531,120.593802,3,4,0,0,0,0,null,GPX_4_652142-1771840022559-eb5e6d4e-d3c0-42bd-8cc8-56fcfdc54ae3-1_20260224-160013.zip,18,1,0.5414999581852666
2026-02-24 17:17:43,18.4150504,120.593807,1,4,0,0,0,0,null,GPX_4_652142-1771840022559-eb5e6d4e-d3c0-42bd-8cc8-56fcfdc54ae3-1_20260224-160013.zip,18,1,0.6069573483013087
2026-02-24 17:17:45,18.4150454,120.5938033,0,4,0,0,0,0,null,GPX_4_652142-1771840022559-eb5e6d4e-d3c0-42bd-8cc8-56fcfdc54ae3-1_20260224-160013.zip,18,2,0.6793259423378036
2026-02-24 17:17:48,18.4150428,120.5937987,0,4,0,0,0,0,null,GPX_4_652142-1771840022559-eb5e6d4e-d3c0-42bd-8cc8-56fcfdc54ae3-1_20260224-160013.zip,18,3,0.5648922107636275
2026-02-24 17:17:52,18.4150402,120.5937942,0,4,0,0,0,0,null,GPX_4_652142-1771840022559-eb5e6d4e-d3c0-42bd-8cc8-56fcfdc54ae3-1_20260224-160013.zip,18,4,0.5558547459488681
2026-02-24 17:18:08,18.4150378,120.5937893,0,4,0,0,0,0,null,GPX_4_652142-1771840022559-eb5e6d4e-d3c0-42bd-8cc8-56fcfdc54ae3-1_20260224-160013.zip,18,16,0.581773765919016
2026-02-24 17:18:52,18.4183151,120.59284,0,4,0,0,0,0,null,GPX_4_652142-1771840022559-eb5e6d4e-d3c0-42bd-8cc8-56fcfdc54ae3-1_20260224-160013.zip,18,44,377.9306196615145
2026-02-24 17:30:13,18.4307617,120.5881647,0,4,0,0,0,0,null,GPX_4_652142-1771840022559-eb5e6d4e-d3c0-42bd-8cc8-56fcfdc54ae3-1_20260224-160013.zip,18,681,1469.2583368429243
