Lat,Lon
18.5322091,120.7572018
18.5322079,120.7572002
18.5322061,120.7571976
18.5322063,120.7571975
18.5322067,120.7571979
18.5322065,120.7571969
18.5322041,120.7571913
18.5322001,120.7571767
18.532194,120.7571485
18.5321838,120.7571132
18.5321688,120.7570732
18.5321486,120.7570293
18.5321277,120.7569808
18.5321046,120.7569252
18.5320823,120.7568646
18.5320541,120.7568002
18.5320269,120.7567262
18.5320018,120.7566454
18.5319743,120.7565688
18.5319491,120.756491
18.5319224,120.7564189
18.5318935,120.7563535
18.5318684,120.7562935
18.53185,120.7562364
18.5318408,120.7561788
18.531833,120.7561324
18.5318252,120.7560781
18.5318142,120.7560254
18.5317946,120.7559494
18.5317707,120.7558565
18.5317474,120.7557556
18.5317273,120.7556537
18.5317125,120.7555424
18.5317003,120.7554281
18.5317048,120.7553054
18.5317156,120.7551889
18.5317364,120.7550583
18.5317537,120.7549275
18.5317713,120.7548013
18.5317866,120.754673
18.5318012,120.7545461
18.5318196,120.754419
18.5318366,120.7542898
18.5318487,120.7541483
18.5318586,120.7540111
18.5318776,120.7538759
18.5318869,120.753739
18.5318938,120.7536069
18.5318906,120.7534732
18.5318809,120.7533353
18.5318552,120.7532032
18.5318213,120.7530749
18.5317765,120.752945
18.5317282,120.7528151
18.5316756,120.7526904
18.5316217,120.7525557
18.53157,120.7524204
18.531513,120.7522896
18.5314616,120.7521597
18.5314067,120.7520297
18.5313545,120.7519034
18.5313017,120.751774
18.5312442,120.7516465
18.5311777,120.7515199
18.5311085,120.7513982
18.5310299,120.7512805
18.5309422,120.7511663
18.5308465,120.751068
18.530745,120.7509755
18.5306362,120.7508937
18.5305227,120.7508198
18.5304077,120.7507414
18.5302915,120.7506689
18.5301788,120.7506011
18.5300618,120.7505246
18.529946,120.7504508
18.5298334,120.7503752
18.5297273,120.7502968
18.5296196,120.7502253
18.5295093,120.7501492
18.5293977,120.7500716
18.5292808,120.7499918
18.5291704,120.749925
18.5290546,120.7498632
18.5289339,120.7498041
18.5288083,120.7497525
18.5286703,120.7497143
18.5285398,120.7496794
18.5284018,120.7496505
18.5282617,120.749624
18.5281225,120.7496018
18.5279843,120.7495813
18.5278463,120.7495629
18.5277128,120.7495415
18.5275811,120.7495132
18.5274517,120.7494807
18.5273227,120.7494391
18.5271925,120.7493903
18.5270659,120.7493344
18.5269474,120.7492731
18.5268232,120.7491994
18.5267067,120.7491205
18.5265965,120.7490351
18.52649,120.7489417
18.5263835,120.7488405
18.5262861,120.7487328
18.5261925,120.7486179
18.5261078,120.7485021
18.5260181,120.7483884
18.5259492,120.748268
18.5258728,120.7481457
18.5257981,120.7480239
18.5257236,120.7479043
18.5256452,120.7477864
18.5255636,120.7476708
18.5254742,120.7475598
18.5253819,120.7474504
18.525287,120.7473424
18.5251882,120.7472338
18.52509,120.7471253
18.5249907,120.747018
18.5248919,120.7469132
18.5247891,120.7468092
18.524689,120.7466978
18.5245896,120.746591
18.524491,120.7464832
18.5243935,120.7463744
18.5242964,120.7462672
18.5241987,120.7461601
18.524098,120.7460571
18.5239999,120.7459546
18.5239035,120.7458543
18.5238031,120.745753
18.5237035,120.7456499
18.5236017,120.7455552
18.5234943,120.7454665
18.5233861,120.7453837
18.5232741,120.7453013
18.5231599,120.7452222
18.5230476,120.7451569
18.522929,120.7450861
18.52281,120.7450201
18.5226915,120.7449553
18.5225587,120.7448949
18.5224368,120.7448422
18.5223074,120.7447848
18.5221761,120.7447343
18.5220449,120.7446829
18.5219126,120.7446338
18.5217784,120.7445868
18.5216466,120.7445398
18.5215141,120.7444884
18.5213812,120.7444368
18.5212548,120.7443823
18.521124,120.744318
18.521004,120.7442503
18.520884,120.7441734
18.5207736,120.7440866
18.5206652,120.7439918
18.5205611,120.7438948
18.5204549,120.7437956
18.5203564,120.7436907
18.5202619,120.7435834
18.5201643,120.7434726
18.5200682,120.7433582
18.5199724,120.7432444
18.5198713,120.7431287
18.5197715,120.7430149
18.5196718,120.7429012
18.5195758,120.7427875
18.519481,120.7426739
18.5193866,120.7425657
18.5192904,120.7424545
18.5191977,120.7423415
18.5190988,120.742233
18.5190086,120.742124
18.5189057,120.7420105
18.5188096,120.7418985
18.5187186,120.741786
18.5186274,120.7416769
18.5185294,120.7415732
18.5184389,120.7414687
18.518348,120.7413668
18.5182592,120.7412663
18.5181713,120.7411666
18.5180809,120.7410653
18.517991,120.7409656
18.5179022,120.7408641
18.5178128,120.7407619
18.5177255,120.7406616
18.5176357,120.7405586
18.5175467,120.7404589
18.517456,120.7403595
18.5173689,120.7402612
18.5172818,120.7401654
18.5171898,120.7400689
18.5170978,120.7399737
18.5170046,120.7398775
18.5169143,120.7397889
18.5168257,120.739714
18.5167414,120.7396358
18.5166662,120.7395613
18.5166008,120.7394985
18.5165532,120.739448
18.5165146,120.7394089
18.5164945,120.7393865
18.5164807,120.7393723
18.5164702,120.7393616
18.5164652,120.7393552
18.5164639,120.7393531
18.5164589,120.7393463
18.516455,120.7393411
18.5164495,120.7393372
18.5164402,120.7393298
18.516425,120.7393191
18.5164058,120.7393057
18.5163823,120.7392947
18.5163554,120.739276
18.5163301,120.7392461
18.5163068,120.7392075
18.5162709,120.7391762
18.516231,120.7391482
18.5161902,120.7391202
18.516151,120.7390818
18.5161122,120.7390325
18.5160624,120.7389786
18.5160048,120.7389201
18.5159293,120.738855
18.5158624,120.7387928
18.5157916,120.7387255
18.5157147,120.7386588
18.5156363,120.7385907
18.5155488,120.7385183
18.5154607,120.7384495
18.5153698,120.7383718
18.5152739,120.7382908
18.5151699,120.7382004
18.5150673,120.7381173
18.5149671,120.7380368
18.5148665,120.7379557
18.5147635,120.7378729
18.5146606,120.7377889
18.5145568,120.7377038
18.5144519,120.7376076
18.5143526,120.7375148
18.514253,120.7374178
18.514155,120.7373164
18.5140601,120.7372177
18.5139651,120.7371159
18.5138739,120.737017
18.5137775,120.7369113
18.5136888,120.736821
18.5135963,120.7367256
18.5135044,120.7366329
18.513416,120.736533
18.51333,120.7364371
18.513244,120.7363385
18.5131681,120.7362431
18.5131024,120.7361368
18.5130356,120.736028
18.5129857,120.7359105
18.5129405,120.7357866
18.5129031,120.7356577
18.5128793,120.7355381
18.5128528,120.7354051
18.5128272,120.7352737
18.5128041,120.7351428
18.5127801,120.7350151
18.5127547,120.7348939
18.5127323,120.7347685
18.5127122,120.7346477
18.5126925,120.7345197
18.5126747,120.734402
18.5126541,120.7342861
18.5126332,120.7341756
18.5126115,120.7340658
18.5125908,120.7339657
18.5125657,120.7338799
18.5125369,120.7338089
18.5125146,120.7337425
18.5125079,120.7336755
18.5125114,120.7336066
18.5125023,120.733531
18.5124849,120.7334419
18.512464,120.7333455
18.5124361,120.7332269
18.5124077,120.7330959
18.5123776,120.7329668
18.51235,120.7328367
18.5123189,120.7327065
18.5122864,120.7325818
18.5122477,120.7324557
18.5122136,120.7323316
18.5121778,120.7321953
18.5121394,120.7320611
18.5121013,120.7319222
18.5120635,120.7317841
18.5120265,120.7316538
18.5119852,120.7315195
18.5119466,120.7313855
18.5119085,120.731256
18.511866,120.7311268
18.5118291,120.7309965
18.5117971,120.7308682
18.5117582,120.7307384
18.5117194,120.7306022
18.5116764,120.7304716
18.5116419,120.7303329
18.5116064,120.7301985
18.5115668,120.7300638
18.5115263,120.7299334
18.5114874,120.7298009
18.5114504,120.7296683
18.5114165,120.7295365
18.5113859,120.7294098
18.5113553,120.7292792
18.5113217,120.7291417
18.5112923,120.7290088
18.5112677,120.7288715
18.5112481,120.7287442
18.5112318,120.7286115
18.5112161,120.728478
18.5112007,120.7283475
18.5111883,120.7282078
18.5111861,120.7280632
18.5111836,120.7279287
18.5111831,120.7277894
18.5111828,120.7276567
18.51118,120.7275223
18.5111822,120.7273934
18.511192,120.7272717
18.5112008,120.7271564
18.5112074,120.7270379
18.5112161,120.7269211
18.5112309,120.7267886
18.5112433,120.7266656
18.5112527,120.7265326
18.5112666,120.7263846
18.511283,120.7262334
18.5112988,120.7260793
18.5113139,120.7259346
18.5113351,120.7257936
18.5113668,120.7256583
18.5114036,120.7255225
18.5114498,120.725393
18.5115057,120.7252623
18.5115664,120.7251402
18.5116314,120.7250087
18.5116924,120.7248857
18.5117608,120.7247538
18.5118271,120.7246221
18.5118928,120.7244859
18.5119591,120.7243488
18.5120217,120.7242296
18.5120863,120.7240956
18.5121502,120.7239775
18.5122144,120.7238447
18.5122818,120.7237129
18.5123419,120.7235784
18.5124031,120.7234486
18.5124688,120.7233135
18.5125367,120.7231811
18.5125968,120.7230391
18.5126666,120.7229104
18.5127304,120.7227806
18.5127951,120.7226427
18.5128564,120.7225176
18.5129297,120.7223909
18.5129972,120.7222615
18.5130692,120.7221287
18.5131431,120.7220013
18.513217,120.7218737
18.5132905,120.7217492
18.5133647,120.7216268
18.5134328,120.7215051
18.5134976,120.7213855
18.5135543,120.7212625
18.5136013,120.7211364
18.513644,120.7210095
18.513683,120.7208804
18.51372,120.7207418
18.5137562,120.7206084
18.5137908,120.720478
18.513821,120.7203538
18.5138557,120.720223
18.5138874,120.7200914
18.5139241,120.7199597
18.513958,120.7198298
18.5139941,120.7197031
18.5140262,120.7195697
18.5140564,120.7194401
18.5140879,120.7193176
18.5141195,120.7191928
18.5141475,120.7190608
18.5141704,120.7189244
18.5141874,120.7187859
18.5142024,120.7186432
18.5142177,120.7184998
18.5142293,120.7183542
18.5142387,120.718207
18.5142555,120.7180516
18.5142788,120.7179062
18.5142881,120.7177525
18.5143029,120.7176083
18.5143165,120.7174606
18.5143316,120.7173104
18.5143443,120.7171712
18.5143553,120.71703
18.514368,120.7168903
18.5143784,120.7167542
18.5143906,120.7166194
18.514406,120.7164796
18.514423,120.7163402
18.5144397,120.7161994
18.5144534,120.7160603
18.5144658,120.7159205
18.5144788,120.7157768
18.5144909,120.7156322
18.5145058,120.7154864
18.5145221,120.7153413
18.5145368,120.7151967
18.514551,120.7150494
18.514565,120.7148995
18.5145847,120.7147532
18.5146013,120.7146016
18.5146158,120.714455
18.5146343,120.7143046
18.5146483,120.7141598
18.5146681,120.7140077
18.514683,120.7138578
18.5146984,120.7137026
18.514714,120.7135544
18.5147299,120.7134014
18.5147433,120.7132497
18.5147638,120.7130989
18.5147794,120.7129428
18.5147921,120.7127906
18.5148053,120.7126401
18.5148252,120.7124958
18.5148376,120.7123688
18.5148501,120.7122566
18.514852,120.7121555
18.5148713,120.7120509
18.5149027,120.7119465
18.5149432,120.7118469
18.5149927,120.7117457
18.5150457,120.7116458
18.5151019,120.7115426
18.5151568,120.7114536
18.5152152,120.7113579
18.5152805,120.7112723
18.5153592,120.7111847
18.5154476,120.7110982
18.5155385,120.7110064
18.5156294,120.7109087
18.5157246,120.7108032
18.5158183,120.7106905
18.5159041,120.7105788
18.5159799,120.7104597
18.5160495,120.710335
18.5161123,120.7102102
18.5161703,120.7100797
18.516226,120.7099439
18.5162739,120.7098074
18.5163171,120.7096722
18.516364,120.7095361
18.5164003,120.7093988
18.5164363,120.709259
18.5164712,120.7091209
18.5165038,120.7089772
18.5165349,120.7088364
18.5165636,120.7086971
18.5165888,120.708553
18.5166083,120.708411
18.5166272,120.7082693
18.5166417,120.7081367
18.5166596,120.7080005
18.5166802,120.7078694
18.5167043,120.707738
18.5167226,120.7076061
18.5167483,120.707472
18.5167766,120.7073315
18.5168029,120.7071962
18.516822,120.7070611
18.5168361,120.7069226
18.5168499,120.7067875
18.51686,120.7066516
18.516873,120.7065287
18.5168841,120.7064131
18.5168939,120.7063045
18.5168892,120.7061924
18.5168686,120.706088
18.5168356,120.7059766
18.5167919,120.7058599
18.5167449,120.705745
18.5166926,120.7056428
18.5166333,120.7055433
18.5165726,120.7054445
18.5165077,120.7053464
18.5164364,120.7052498
18.5163613,120.7051534
18.51628,120.7050569
18.5161957,120.7049642
18.5161065,120.7048732
18.5160177,120.704782
18.5159292,120.7046966
18.5158272,120.7046063
18.51573,120.7045148
18.515626,120.7044198
18.5155348,120.7043306
18.5154417,120.7042374
18.5153676,120.7041354
18.5152885,120.7040306
18.5152231,120.703915
18.5151652,120.7037948
18.5151148,120.7036737
18.5150827,120.7035538
18.5150684,120.7034306
18.5150633,120.7033078
18.5150799,120.7031862
18.5151197,120.7030664
18.515176,120.7029349
18.5152488,120.702819
18.5153265,120.7027025
18.5154025,120.7025847
18.5154782,120.7024798
18.5155479,120.7023718
18.5156035,120.7022531
18.5156466,120.7021433
18.5156922,120.7020225
18.5157309,120.7019074
18.5157578,120.7017876
18.5157709,120.7016543
18.5157736,120.7015215
18.5157597,120.7013857
18.5157358,120.7012542
18.5157063,120.7011167
18.5156673,120.700974
18.5156239,120.7008313
18.5155859,120.7007129
18.515558,120.7005943
18.5155455,120.700486
18.5155643,120.7003799
18.515607,120.7002931
18.5156641,120.7002371
18.5157406,120.7002099
18.5158132,120.7002087
18.5158767,120.7002387
18.5159372,120.7002878
18.5159934,120.7003529
18.5160494,120.7004326
18.5161056,120.7005196
18.5161594,120.7006007
18.5162222,120.7006853
18.5162895,120.7007548
18.5163713,120.7008107
18.5164696,120.7008425
18.5165702,120.7008697
18.5166727,120.7008907
18.5167751,120.7009205
18.5168694,120.700955
18.5169586,120.7010046
18.5170376,120.7010663
18.5171066,120.7011422
18.5171614,120.7012364
18.5172014,120.7013404
18.5172222,120.7014497
18.5172223,120.7015682
18.517199,120.7016822
18.5171583,120.701795
18.5171032,120.7018885
18.517042,120.701977
18.5169793,120.7020568
18.5169269,120.7021418
18.5168883,120.7022299
18.5168665,120.7023259
18.5168711,120.7024187
18.516904,120.7025022
18.5169567,120.7025754
18.5170414,120.7025993
18.5171354,120.7026031
18.5172314,120.702582
18.517313,120.7025197
18.517389,120.7024354
18.5174658,120.7023387
18.5175337,120.7022376
18.5175873,120.7021228
18.5176369,120.7020103
18.5176808,120.7018901
18.517717,120.7017684
18.5177487,120.7016523
18.5177824,120.7015397
18.5178191,120.7014221
18.5178553,120.7013092
18.5178889,120.701196
18.5179287,120.7010803
18.5179716,120.700964
18.5180286,120.7008444
18.5180976,120.7007284
18.5181758,120.7006128
18.5182576,120.7005016
18.5183347,120.7003998
18.518417,120.7003016
18.5184983,120.7002084
18.5185744,120.700105
18.5186471,120.6999978
18.5187171,120.6998907
18.5187819,120.6997777
18.5188406,120.6996569
18.5188934,120.6995252
18.5189415,120.6993881
18.5189759,120.6992514
18.5190057,120.6991154
18.519033,120.6989769
18.5190623,120.6988392
18.5190865,120.698703
18.5191115,120.6985631
18.5191431,120.6984228
18.5191708,120.698291
18.5192194,120.6981552
18.5192733,120.698029
18.5193358,120.6979078
18.5194068,120.6977904
18.5194816,120.6976836
18.5195599,120.6975757
18.5196434,120.6974684
18.519729,120.6973562
18.5198135,120.6972404
18.5198972,120.6971245
18.5199697,120.6970157
18.5200335,120.6969031
18.5200888,120.6967864
18.5201347,120.696665
18.5201723,120.6965387
18.5202043,120.6964119
18.5202286,120.6962751
18.5202403,120.696143
18.5202457,120.6960048
18.520242,120.6958692
18.5202268,120.6957323
18.5202021,120.6955979
18.5201686,120.6954608
18.5201238,120.6953261
18.5200684,120.6951953
18.520003,120.6950656
18.5199287,120.6949435
18.5198485,120.6948267
18.5197654,120.6947147
18.519682,120.6946059
18.519595,120.6944988
18.5195145,120.6943913
18.5194378,120.6942863
18.5193639,120.6941775
18.5192979,120.6940663
18.5192347,120.6939503
18.5191837,120.6938346
18.5191378,120.6937154
18.5191011,120.6935917
18.5190725,120.6934632
18.5190554,120.6933333
18.5190449,120.6931991
18.519038,120.6930582
18.5190357,120.6929186
18.5190355,120.6927824
18.5190414,120.6926398
18.5190448,120.6924932
18.5190504,120.6923377
18.5190552,120.6921951
18.5190584,120.6920477
18.5190627,120.6919046
18.5190659,120.6917602
18.519069,120.6916104
18.5190728,120.6914702
18.5190755,120.6913301
18.5190791,120.6911922
18.5190826,120.6910562
18.5190873,120.6909184
18.5190912,120.6907822
18.519094,120.6906541
18.5190982,120.6905212
18.5190995,120.6903873
18.5190956,120.6902532
18.5190967,120.6901109
18.5191003,120.6899667
18.5191043,120.6898198
18.5191133,120.6896729
18.5191146,120.6895255
18.519122,120.6893723
18.5191246,120.6892171
18.5191299,120.6890754
18.5191334,120.688929
18.5191377,120.6887844
18.5191396,120.6886397
18.5191441,120.688498
18.5191499,120.688353
18.5191561,120.6882105
18.5191684,120.6880705
18.5191796,120.6879309
18.5191937,120.6877924
18.5192093,120.6876594
18.5192242,120.6875289
18.5192417,120.6873981
18.5192573,120.6872637
18.5192754,120.6871274
18.519292,120.6869899
18.5193084,120.68685
18.5193276,120.6867082
18.519345,120.6865645
18.519361,120.6864231
18.5193811,120.6862792
18.5194049,120.6861352
18.5194215,120.6859955
18.5194395,120.6858499
18.519455,120.6857046
18.5194722,120.6855582
18.5194902,120.6854119
18.5195063,120.6852623
18.5195219,120.6851142
18.5195378,120.6849648
18.5195579,120.6848151
18.5195758,120.6846627
18.5195945,120.6845137
18.519614,120.6843645
18.5196382,120.6842143
18.5196644,120.684072
18.5196935,120.6839326
18.5197287,120.6837937
18.5197666,120.6836554
18.5198102,120.6835247
18.5198516,120.6833968
18.5199009,120.6832645
18.5199566,120.6831359
18.5200122,120.6830075
18.5200754,120.6828815
18.5201416,120.682758
18.5202174,120.6826391
18.520295,120.6825237
18.520373,120.6824104
18.520448,120.6823043
18.5205226,120.6822018
18.5205946,120.6821016
18.5206679,120.6820041
18.5207391,120.681907
18.5208062,120.6818036
18.5208612,120.6816948
18.5209014,120.6815835
18.5209279,120.6814646
18.5209402,120.681341
18.5209412,120.6812164
18.5209302,120.6810898
18.5209047,120.6809628
18.5208673,120.6808383
18.5208178,120.6807204
18.5207608,120.680611
18.5206963,120.680502
18.5206398,120.6804
18.5205911,120.6802985
18.520556,120.6801946
18.5205391,120.6800845
18.5205527,120.6799815
18.5205808,120.6798786
18.5206355,120.6797822
18.5207141,120.6797032
18.5208141,120.6796443
18.520929,120.6796034
18.5210547,120.6795696
18.5211825,120.6795335
18.5213155,120.6794898
18.5214477,120.6794477
18.5215764,120.6793973
18.5217001,120.6793435
18.5218226,120.6792823
18.5219406,120.6792189
18.5220574,120.6791569
18.5221707,120.6790938
18.5222796,120.67903
18.5223924,120.6789497
18.5224989,120.6788649
18.5226096,120.6787812
18.5227088,120.678687
18.5228131,120.6785858
18.5229101,120.678493
18.5230062,120.6783977
18.5230956,120.6782992
18.5231815,120.6781907
18.5232696,120.6781
18.5233512,120.677991
18.5234265,120.6778731
18.5234949,120.6777603
18.5235638,120.6776468
18.523629,120.6775346
18.5236931,120.6774097
18.5237458,120.6772842
18.5237918,120.677161
18.5238295,120.6770404
18.5238625,120.6769169
18.5238819,120.6767932
18.5238957,120.676671
18.5238875,120.6765444
18.5238696,120.6764167
18.5238462,120.6762919
18.5238173,120.6761745
18.523781,120.6760556
18.5237258,120.6759384
18.5236656,120.6758301
18.5235957,120.6757248
18.5235183,120.6756243
18.5234315,120.6755348
18.5233371,120.6754446
18.5232307,120.6753607
18.5231196,120.6752766
18.5230019,120.6751962
18.5228847,120.6751196
18.5227676,120.6750514
18.5226529,120.6749897
18.5225332,120.6749187
18.5224173,120.674848
18.5223007,120.6747782
18.5221859,120.6747058
18.5220793,120.6746375
18.5219753,120.6745659
18.521866,120.6744888
18.5217595,120.6744106
18.5216525,120.6743322
18.5215463,120.6742474
18.5214406,120.6741567
18.5213398,120.674063
18.5212368,120.6739687
18.5211382,120.6738671
18.5210431,120.6737634
18.5209474,120.673657
18.5208546,120.6735474
18.5207715,120.6734353
18.5206883,120.6733263
18.5206028,120.6732124
18.5205272,120.6731053
18.5204481,120.6729948
18.5203715,120.6728834
18.5202922,120.6727695
18.5202141,120.6726562
18.520134,120.6725418
18.5200592,120.6724289
18.5199809,120.6723273
18.5198995,120.6722129
18.5198157,120.6720974
18.5197339,120.6719709
18.5196513,120.6718546
18.5195684,120.6717384
18.5194873,120.6716239
18.5194071,120.6715137
18.5193291,120.6714001
18.5192509,120.6712886
18.5191748,120.6711748
18.5191033,120.6710567
18.519037,120.6709336
18.5189732,120.6708057
18.5189129,120.6706716
18.5188553,120.6705321
18.5188057,120.6703918
18.5187638,120.6702494
18.5187283,120.6701075
18.5187001,120.6699633
18.5186755,120.6698202
18.5186575,120.6696792
18.5186471,120.6695417
18.5186442,120.6694005
18.5186541,120.6692621
18.5186664,120.669126
18.5186853,120.6689895
18.518702,120.6688516
18.5187236,120.6687174
18.5187466,120.6685825
18.5187716,120.6684473
18.5188027,120.668313
18.5188339,120.6681699
18.5188635,120.6680322
18.5188934,120.6678892
18.5189209,120.6677451
18.5189517,120.6675978
18.51898,120.6674497
18.5190125,120.6673046
18.5190391,120.667155
18.5190749,120.6670104
18.5190958,120.6668659
18.5191235,120.6667257
18.5191484,120.6665813
18.5191803,120.6664327
18.5192073,120.6662905
18.5192349,120.6661473
18.5192647,120.6660021
18.5193004,120.6658634
18.5193288,120.6657279
18.5193629,120.6655967
18.5194006,120.6654675
18.5194507,120.6653304
18.5195097,120.6652054
18.5195773,120.6650808
18.5196449,120.6649632
18.5197251,120.664842
18.5198055,120.6647232
18.5198912,120.6646023
18.519979,120.6644821
18.5200661,120.6643663
18.5201595,120.6642495
18.5202529,120.6641344
18.520344,120.6640217
18.5204309,120.6639117
18.5205224,120.6638032
18.5206112,120.6637014
18.5207018,120.6636017
18.5207994,120.663504
18.5208979,120.6634162
18.5210079,120.6633326
18.521118,120.6632573
18.5212301,120.6631868
18.5213439,120.6631196
18.5214546,120.6630474
18.5215649,120.6629834
18.521679,120.6629179
18.5217851,120.6628477
18.5218901,120.6627773
18.5219907,120.6627051
18.5220906,120.6626263
18.522174,120.6625295
18.5222552,120.6624238
18.5223234,120.6623175
18.5223825,120.6622194
18.5224427,120.6621061
18.5225051,120.6619927
18.5225682,120.6618738
18.5226321,120.6617635
18.5226934,120.6616538
18.5227539,120.6615429
18.5228117,120.6614338
18.522864,120.661326
18.522914,120.6612205
18.522954,120.661113
18.5229834,120.6610012
18.523006,120.6608814
18.5230127,120.6607494
18.5230089,120.66061
18.5229993,120.6604728
18.5229831,120.6603367
18.5229608,120.6601971
18.5229358,120.6600591
18.5229101,120.6599171
18.5228817,120.6597711
18.5228516,120.6596272
18.522823,120.6594839
18.5227958,120.6593432
18.5227686,120.6591967
18.5227405,120.6590533
18.5227124,120.658909
18.5226875,120.6587648
18.5226615,120.6586235
18.5226345,120.6584825
18.5226087,120.6583422
18.5225745,120.6582075
18.5225325,120.6580761
18.5224749,120.6579539
18.5224024,120.6578388
18.5223167,120.6577363
18.5222144,120.6576539
18.5221004,120.6575822
18.5219806,120.6575125
18.5218583,120.6574449
18.5217326,120.6573719
18.5216064,120.6573039
18.5214808,120.6572387
18.5213586,120.6571763
18.5212363,120.6571192
18.5211141,120.6570544
18.5209956,120.6569964
18.5208809,120.6569371
18.5207674,120.6568784
18.520654,120.6568191
18.5205374,120.6567638
18.5204202,120.6567042
18.5203019,120.6566426
18.5201829,120.6565831
18.5200614,120.6565209
18.519942,120.656457
18.5198206,120.6563988
18.5197007,120.656335
18.5195802,120.6562756
18.5194636,120.6562118
18.5193476,120.6561364
18.519238,120.6560656
18.519129,120.6559863
18.519023,120.6559014
18.5189223,120.6558116
18.5188219,120.6557177
18.5187238,120.6556174
18.518628,120.6555181
18.5185293,120.655417
18.5184329,120.6553137
18.5183304,120.6552134
18.5182287,120.6551119
18.5181269,120.6550049
18.5180255,120.6549031
18.5179271,120.6548008
18.5178345,120.6547068
18.5177461,120.654607
18.5176525,120.6545178
18.5175592,120.6544272
18.5174632,120.6543423
18.5173635,120.6542623
18.5172563,120.6541947
18.5171421,120.6541355
18.5170313,120.6540786
18.5169192,120.6540217
18.5168091,120.6539573
18.5166986,120.6538833
18.5165949,120.6537977
18.5164959,120.6537067
18.516402,120.6536023
18.5163139,120.6534959
18.5162301,120.6533879
18.5161507,120.6532773
18.5160776,120.6531584
18.5160072,120.65304
18.5159398,120.6529154
18.515876,120.6527918
18.5158132,120.6526633
18.5157517,120.6525373
18.5156995,120.6524058
18.515644,120.6522764
18.5155917,120.6521437
18.5155426,120.6520161
18.5154961,120.6518902
18.5154507,120.6517635
18.5154062,120.6516386
18.5153611,120.6515089
18.5153158,120.6513759
18.5152674,120.6512489
18.5152148,120.6511201
18.5151584,120.6509986
18.5150997,120.6508784
18.5150346,120.6507576
18.514974,120.6506302
18.5149106,120.6505003
18.5148478,120.6503692
18.514788,120.6502371
18.5147249,120.6501031
18.5146641,120.6499693
18.5146043,120.6498327
18.5145439,120.6496973
18.5144849,120.649561
18.5144281,120.6494247
18.5143727,120.6492888
18.5143187,120.6491574
18.514265,120.6490297
18.5142095,120.6488987
18.5141562,120.6487687
18.5141036,120.6486392
18.5140495,120.648511
18.5139916,120.6483886
18.5139412,120.6482627
18.5138891,120.648136
18.5138371,120.6480077
18.5137823,120.6478787
18.5137302,120.6477511
18.5136789,120.6476259
18.5136269,120.6475003
18.513574,120.6473738
18.5135208,120.6472489
18.5134698,120.6471267
18.513421,120.6470042
18.5133758,120.6468776
18.5133259,120.6467618
18.5132782,120.6466454
18.5132313,120.6465314
18.5131832,120.6464158
18.5131352,120.6463035
18.5130823,120.646171
18.5130296,120.6460501
18.5129727,120.6459194
18.5129184,120.6457921
18.5128659,120.6456565
18.5128082,120.6455252
18.5127471,120.6453931
18.5126894,120.6452625
18.5126349,120.6451287
18.5125834,120.6449972
18.5125316,120.6448688
18.51248,120.6447461
18.5124317,120.6446212
18.5123786,120.6444991
18.5123202,120.6443809
18.5122559,120.6442656
18.5121868,120.6441589
18.5121101,120.6440607
18.5120317,120.64397
18.5119501,120.6438838
18.5118684,120.6437981
18.5117801,120.6437143
18.5117027,120.6436363
18.5116234,120.643559
18.5115436,120.6434831
18.511467,120.6434075
18.5113925,120.6433275
18.5113195,120.6432525
18.5112534,120.6431733
18.5112011,120.6430915
18.51116,120.6430014
18.5111328,120.6429071
18.5111174,120.6427995
18.5111107,120.6426903
18.5111075,120.6425779
18.5111011,120.6424594
18.5110961,120.6423422
18.5110907,120.6422223
18.5110839,120.6420976
18.5110828,120.6419799
18.511081,120.641862
18.5110814,120.6417433
18.5110829,120.641625
18.5110902,120.6415088
18.5111019,120.6413942
18.5111175,120.6412856
18.5111398,120.6411728
18.511163,120.6410606
18.5111924,120.6409588
18.5112162,120.6408551
18.5112417,120.6407491
18.5112651,120.6406407
18.5112899,120.6405297
18.5113175,120.6404136
18.5113451,120.6403022
18.5113714,120.6401916
18.5114006,120.6400853
18.5114307,120.6399691
18.5114642,120.6398481
18.5115001,120.6397364
18.5115339,120.6396218
18.5115648,120.639508
18.511595,120.6393915
18.5116259,120.639274
18.5116583,120.6391572
18.5116952,120.6390459
18.5117286,120.6389335
18.5117591,120.6388242
18.5117934,120.6387158
18.5118235,120.6386119
18.5118588,120.638511
18.5118854,120.6384086
18.5119081,120.6383072
18.511924,120.638213
18.5119328,120.6381226
18.5119327,120.6380328
18.5119321,120.6379507
18.5119282,120.6378663
18.5119312,120.6377828
18.5119319,120.6376979
18.5119327,120.6376123
18.5119299,120.6375242
18.511926,120.6374389
18.5119195,120.6373495
18.5119124,120.6372598
18.5119052,120.6371707
18.5118969,120.6370842
18.5118848,120.6369997
18.5118691,120.6369057
18.5118405,120.6368043
18.5118086,120.6367001
18.5117735,120.6365789
18.511735,120.6364594
18.5117015,120.636337
18.5116584,120.6362013
18.5116172,120.6360675
18.5115757,120.6359373
18.511533,120.6358092
18.5114889,120.6356826
18.5114439,120.6355554
18.5114003,120.6354327
18.5113579,120.6353088
18.5113185,120.6351867
18.5112834,120.6350631
18.5112522,120.6349394
18.511228,120.6348164
18.5112102,120.6346957
18.5112043,120.6345687
18.5112064,120.6344431
18.5112119,120.6343227
18.5112222,120.6341961
18.5112331,120.634062
18.5112443,120.6339294
18.5112563,120.6337981
18.5112652,120.633666
18.5112768,120.6335361
18.5112881,120.6334033
18.5113006,120.6332771
18.5113156,120.633153
18.511334,120.6330303
18.5113571,120.6329061
18.5113868,120.6327831
18.5114287,120.632663
18.511485,120.6325492
18.5115485,120.6324411
18.511624,120.6323385
18.5117098,120.6322397
18.5117942,120.6321438
18.5118822,120.6320481
18.5119721,120.6319569
18.5120565,120.6318565
18.5121414,120.6317619
18.5122344,120.6316639
18.5123265,120.6315629
18.5124197,120.6314643
18.5125127,120.6313626
18.5126034,120.6312633
18.5126939,120.631164
18.512784,120.6310669
18.5128725,120.6309669
18.5129631,120.6308669
18.5130556,120.6307679
18.5131468,120.6306646
18.51324,120.6305611
18.5133298,120.630457
18.5134184,120.6303515
18.5135044,120.6302439
18.51359,120.630138
18.5136752,120.63003
18.5137605,120.629917
18.5138441,120.6298059
18.5139316,120.6296948
18.5140176,120.629584
18.5141081,120.629471
18.5141943,120.6293601
18.5142829,120.6292481
18.5143704,120.6291377
18.5144583,120.6290267
18.5145385,120.6289099
18.5146192,120.6287921
18.5146975,120.6286709
18.5147744,120.6285502
18.5148483,120.6284275
18.5149202,120.6283073
18.5149938,120.62819
18.5150671,120.6280686
18.5151392,120.6279564
18.5152155,120.627848
18.5152947,120.6277384
18.515382,120.6276321
18.5154774,120.6275279
18.515576,120.6274272
18.5156802,120.6273278
18.5157866,120.6272308
18.5158978,120.6271352
18.5160066,120.6270456
18.5161094,120.6269564
18.5162118,120.6268742
18.516307,120.6267932
18.5163962,120.6267077
18.5164773,120.6266202
18.5165567,120.6265279
18.5166369,120.6264365
18.5167145,120.6263455
18.516799,120.6262554
18.516884,120.6261737
18.5169851,120.6260955
18.5170966,120.6260238
18.5172102,120.6259546
18.5173299,120.6258862
18.5174507,120.625819
18.5175741,120.6257477
18.5176978,120.6256886
18.517823,120.6256355
18.5179489,120.625578
18.5180762,120.6255205
18.5182067,120.6254624
18.5183352,120.6253987
18.5184648,120.6253254
18.5185892,120.6252498
18.5187111,120.6251658
18.5188285,120.6250751
18.5189447,120.6249855
18.5190551,120.6248971
18.519168,120.6248149
18.5192815,120.6247332
18.519396,120.624658
18.5195149,120.6245828
18.5196387,120.6245135
18.5197626,120.6244567
18.519894,120.624407
18.520019,120.6243711
18.5201444,120.6243409
18.5202692,120.6243202
18.5203988,120.6243037
18.5205322,120.6243047
18.5206659,120.6243099
18.5208006,120.6243126
18.5209325,120.6243109
18.5210707,120.6242977
18.521207,120.6242698
18.5213381,120.6242311
18.5214724,120.6241863
18.5216048,120.6241354
18.5217394,120.6240857
18.5218701,120.6240379
18.522,120.6239928
18.5221308,120.6239425
18.5222612,120.6238964
18.5223911,120.6238473
18.5225264,120.6238007
18.5226589,120.6237542
18.5227925,120.6237093
18.5229211,120.6236626
18.5230512,120.6236148
18.523182,120.6235676
18.5233119,120.6235148
18.5234355,120.6234673
18.5235571,120.623419
18.5236762,120.6233722
18.5237917,120.6233212
18.5239083,120.6232732
18.5240234,120.6232262
18.5241399,120.62318
18.5242489,120.6231357
18.5243574,120.6230891
18.5244679,120.6230531
18.524583,120.6230125
18.5246936,120.6229805
18.5248063,120.6229531
18.5249168,120.622933
18.5250269,120.6229107
18.5251353,120.6228854
18.5252492,120.6228607
18.5253632,120.6228375
18.5254769,120.6228136
18.525591,120.6227932
18.5257047,120.6227737
18.5258218,120.6227539
18.525941,120.6227315
18.5260631,120.6227079
18.5261866,120.6226826
18.5263137,120.6226545
18.5264402,120.6226289
18.5265714,120.6226016
18.5267026,120.6225764
18.5268329,120.6225525
18.5269635,120.6225326
18.5270968,120.6225082
18.5272339,120.6224848
18.5273733,120.6224597
18.5275129,120.6224359
18.5276562,120.6224131
18.5278003,120.6223919
18.5279405,120.6223697
18.5280808,120.6223499
18.5282155,120.6223355
18.5283503,120.6223182
18.5284825,120.6222965
18.5286102,120.6222678
18.5287375,120.6222358
18.5288635,120.6221948
18.528983,120.6221434
18.5290964,120.6220825
18.5292029,120.6220049
18.5292991,120.6219124
18.5293869,120.6218114
18.5294694,120.6217063
18.5295549,120.6215972
18.5296405,120.621485
18.5297271,120.6213648
18.5298201,120.6212477
18.5299082,120.6211385
18.529995,120.6210248
18.5300802,120.6209134
18.5301577,120.6208121
18.5302379,120.6206966
18.5303242,120.6205864
18.5304023,120.6204719
18.5304906,120.6203593
18.5305712,120.6202431
18.5306525,120.6201218
18.5307268,120.6199961
18.5308049,120.6198679
18.530878,120.619747
18.5309489,120.6196285
18.5310209,120.6195067
18.5310883,120.6193823
18.5311495,120.6192609
18.5312159,120.6191405
18.5312826,120.6190191
18.5313528,120.618901
18.5314256,120.6187813
18.5315016,120.6186628
18.5315769,120.6185457
18.5316531,120.6184283
18.5317288,120.6183086
18.5318059,120.6181893
18.5318923,120.6180767
18.5319726,120.6179558
18.5320566,120.6178423
18.5321356,120.6177294
18.5322144,120.6176194
18.5322857,120.6175082
18.5323576,120.6173942
18.5324287,120.6172799
18.5325043,120.6171658
18.5325819,120.6170541
18.5326545,120.6169444
18.5327237,120.6168296
18.5327834,120.6167175
18.5328267,120.6166065
18.5328472,120.6164914
18.5328439,120.6163725
18.5328189,120.6162548
18.5327812,120.6161376
18.5327141,120.6160221
18.5326414,120.6159065
18.5325559,120.6158045
18.532458,120.6157066
18.5323584,120.6156127
18.5322577,120.6155189
18.5321567,120.6154201
18.5320557,120.6153248
18.5319534,120.615229
18.5318534,120.6151313
18.5317532,120.615034
18.5316518,120.614938
18.5315528,120.6148428
18.5314537,120.6147452
18.5313545,120.6146508
18.5312598,120.6145579
18.5311668,120.6144677
18.5310728,120.6143752
18.5309777,120.6142854
18.5308826,120.6141944
18.5307838,120.6141038
18.5306847,120.6140143
18.5305868,120.6139215
18.5304909,120.6138253
18.5303904,120.6137279
18.5302974,120.6136362
18.5302028,120.6135405
18.5301071,120.6134379
18.5300085,120.6133463
18.5299179,120.6132547
18.5298272,120.6131641
18.5297431,120.6130738
18.5296613,120.6129814
18.5295755,120.6128889
18.529489,120.612793
18.5294011,120.6126964
18.529312,120.6126006
18.5292242,120.6125014
18.5291321,120.612403
18.5290436,120.6123075
18.5289603,120.6122055
18.5288771,120.6121005
18.5287921,120.612001
18.5287057,120.6118907
18.5286192,120.6117901
18.5285307,120.6116888
18.5284469,120.6115864
18.5283574,120.6114821
18.5282742,120.6113869
18.5281821,120.6112822
18.5280916,120.6111801
18.5280048,120.6110818
18.5279125,120.6109823
18.5278208,120.610876
18.5277295,120.6107738
18.5276361,120.6106706
18.5275438,120.6105683
18.5274524,120.6104629
18.5273674,120.6103572
18.5272825,120.6102442
18.5272044,120.610131
18.5271319,120.6100125
18.527074,120.6098898
18.5270242,120.6097653
18.526979,120.6096359
18.5269355,120.6095027
18.5268887,120.6093671
18.5268418,120.6092335
18.5267964,120.6091001
18.5267495,120.6089685
18.526702,120.6088389
18.5266547,120.6087067
18.5266112,120.60858
18.5265643,120.6084508
18.5265086,120.6083276
18.5264439,120.6082114
18.5263625,120.6081043
18.526274,120.608006
18.526182,120.6079091
18.5260781,120.6078153
18.5259757,120.6077199
18.5258729,120.6076224
18.5257667,120.6075246
18.5256557,120.6074285
18.5255489,120.6073286
18.5254382,120.6072286
18.525332,120.6071336
18.5252257,120.6070341
18.5251221,120.6069359
18.5250206,120.6068347
18.5249207,120.6067301
18.5248204,120.6066285
18.5247227,120.6065241
18.5246296,120.6064215
18.5245343,120.6063126
18.5244394,120.6062059
18.524346,120.6061006
18.5242528,120.6059952
18.5241609,120.6058933
18.5240702,120.6057922
18.52398,120.6056872
18.5238896,120.6055844
18.5237977,120.6054809
18.5237075,120.6053746
18.523614,120.6052669
18.5235243,120.6051567
18.5234315,120.6050499
18.5233398,120.6049419
18.5232473,120.6048298
18.5231539,120.6047145
18.5230618,120.6045961
18.5229682,120.604481
18.5228755,120.604367
18.5227857,120.6042552
18.5226958,120.6041439
18.5226057,120.6040321
18.5225177,120.6039221
18.5224289,120.6038132
18.5223405,120.603704
18.522254,120.6035952
18.5221725,120.6034884
18.5220915,120.603382
18.5220102,120.6032744
18.5219332,120.603164
18.5218643,120.6030561
18.5217935,120.6029445
18.5217247,120.6028279
18.5216574,120.6027054
18.5215896,120.60258
18.5215252,120.6024521
18.5214577,120.6023282
18.521401,120.6022016
18.5213379,120.6020739
18.5212709,120.6019527
18.5212026,120.6018362
18.5211286,120.60172
18.5210418,120.6016143
18.5209415,120.6015252
18.5208351,120.6014378
18.5207214,120.6013596
18.5206027,120.6012837
18.5204828,120.6012058
18.5203617,120.6011275
18.5202407,120.601047
18.5201216,120.6009658
18.5200062,120.6008744
18.5198901,120.600789
18.5197743,120.6007045
18.5196643,120.6006172
18.5195568,120.6005323
18.5194523,120.6004412
18.5193517,120.6003562
18.5192563,120.6002652
18.5191711,120.6001689
18.5190903,120.6000676
18.5190146,120.5999614
18.5189377,120.5998464
18.5188629,120.5997406
18.5187897,120.5996361
18.5187152,120.5995302
18.518638,120.599426
18.5185609,120.5993172
18.5184808,120.5992114
18.5184017,120.5991037
18.518315,120.5990014
18.5182215,120.5989025
18.5181254,120.5988075
18.5180309,120.5987074
18.5179378,120.5986066
18.5178464,120.5985076
18.5177537,120.5984061
18.5176583,120.5983083
18.5175648,120.598208
18.5174746,120.5980996
18.5173786,120.5980013
18.5172831,120.5978975
18.5171849,120.5977947
18.5170879,120.5976941
18.5169892,120.5975859
18.5169006,120.5974861
18.5168038,120.5973836
18.5167076,120.5972818
18.5166091,120.5971827
18.5165146,120.5970838
18.516422,120.5969834
18.5163289,120.5968862
18.5162353,120.5967932
18.5161382,120.5967054
18.516041,120.5966131
18.515941,120.5965236
18.5158358,120.5964369
18.5157304,120.5963471
18.5156201,120.5962609
18.5155107,120.5961788
18.5153936,120.5960924
18.5152774,120.5960158
18.5151647,120.5959394
18.5150534,120.5958567
18.5149417,120.5957812
18.514828,120.5957032
18.5147179,120.5956232
18.5146099,120.5955431
18.5144991,120.5954575
18.5143863,120.5953713
18.5142752,120.5952833
18.5141626,120.5951947
18.5140543,120.5951102
18.5139414,120.5950211
18.5138322,120.5949347
18.5137243,120.5948512
18.5136204,120.5947669
18.513516,120.59468
18.5134136,120.5945954
18.513314,120.594513
18.5132145,120.5944271
18.5131153,120.5943419
18.5130168,120.5942566
18.5129219,120.5941687
18.5128247,120.5940775
18.5127296,120.5939842
18.5126273,120.5938856
18.5125286,120.5937907
18.5124316,120.5936917
18.5123289,120.5935946
18.5122226,120.593493
18.5121195,120.5933891
18.512016,120.5932877
18.5119134,120.5931849
18.5118089,120.5930853
18.5117087,120.5929834
18.5116056,120.592885
18.511505,120.5927884
18.5114042,120.5926921
18.5113068,120.5925929
18.5112086,120.5925037
18.5111113,120.5924132
18.5110156,120.5923227
18.5109198,120.5922328
18.5108255,120.5921404
18.5107275,120.5920479
18.510625,120.5919534
18.510525,120.5918534
18.5104246,120.5917521
18.5103259,120.5916519
18.5102236,120.5915501
18.5101231,120.5914489
18.5100321,120.5913496
18.509938,120.5912502
18.5098435,120.5911481
18.509756,120.5910452
18.5096673,120.5909474
18.5095822,120.5908465
18.509496,120.5907457
18.5094184,120.590644
18.5093359,120.5905307
18.5092526,120.5904134
18.5091648,120.5902916
18.509082,120.5901682
18.5090081,120.590041
18.508933,120.5899225
18.5088591,120.5898006
18.5087853,120.5896791
18.5087164,120.5895628
18.5086479,120.5894429
18.5085786,120.5893278
18.5085077,120.589208
18.5084405,120.5890934
18.5083686,120.5889734
18.5082968,120.5888541
18.5082235,120.5887338
18.5081533,120.5886141
18.5080806,120.5884911
18.5080129,120.5883669
18.5079542,120.5882428
18.5079093,120.5881103
18.5078684,120.5879802
18.5078447,120.5878377
18.5078148,120.5877062
18.5077827,120.5875802
18.5077362,120.5874556
18.5076851,120.587338
18.5076273,120.5872319
18.5075395,120.5871329
18.5074387,120.5870399
18.5073277,120.5869619
18.5072216,120.5868862
18.5071142,120.5868055
18.5070086,120.5867218
18.506904,120.5866442
18.5068047,120.5865556
18.5067061,120.5864643
18.5066074,120.5863722
18.5065123,120.586283
18.5064179,120.5861936
18.5063313,120.5860989
18.5062403,120.5860066
18.5061504,120.5859179
18.5060589,120.5858262
18.5059664,120.5857334
18.5058823,120.5856384
18.5058064,120.5855352
18.5057406,120.5854246
18.5056779,120.585307
18.5056249,120.585187
18.5055768,120.5850657
18.5055298,120.5849423
18.505477,120.5848191
18.5054271,120.5846887
18.5053735,120.5845571
18.5053187,120.5844235
18.5052562,120.5842929
18.5052039,120.5841607
18.5051499,120.5840317
18.505092,120.5839097
18.5050347,120.5837836
18.5049803,120.5836544
18.5049287,120.5835237
18.5048867,120.5833935
18.5048531,120.5832588
18.504817,120.5831259
18.5047834,120.5829923
18.5047546,120.5828605
18.5047287,120.5827274
18.5047125,120.582594
18.504698,120.5824614
18.5046943,120.5823247
18.5046973,120.5821868
18.5047108,120.5820425
18.504716,120.581905
18.5047235,120.5817658
18.5047293,120.5816241
18.5047363,120.5814848
18.5047424,120.5813442
18.504752,120.581204
18.5047557,120.5810631
18.5047639,120.5809231
18.5047701,120.5807818
18.5047752,120.580645
18.5047838,120.5805118
18.5047911,120.5803776
18.5047934,120.5802415
18.5047942,120.5801071
18.5047927,120.579969
18.5047948,120.5798292
18.5047938,120.5796936
18.5047924,120.5795547
18.5047829,120.579416
18.5047771,120.5792788
18.5047667,120.579138
18.504759,120.5789942
18.5047494,120.578854
18.5047357,120.5787135
18.5047193,120.5785741
18.5046991,120.5784341
18.5046736,120.5783003
18.5046462,120.5781645
18.5046183,120.5780329
18.504587,120.5779023
18.5045587,120.5777718
18.5045223,120.5776454
18.504485,120.5775186
18.5044447,120.5773944
18.5043997,120.5772714
18.5043505,120.5771484
18.5042998,120.5770331
18.5042437,120.576917
18.5041825,120.5768047
18.5041215,120.5766839
18.504055,120.576572
18.5039831,120.5764498
18.5038968,120.5763461
18.503796,120.5762435
18.5036875,120.5761528
18.5035742,120.576062
18.503454,120.5759774
18.5033312,120.575893
18.5032114,120.5758054
18.503091,120.5757262
18.5029767,120.5756461
18.5028601,120.5755604
18.5027431,120.5754783
18.5026317,120.5753988
18.5025163,120.5753111
18.502403,120.5752201
18.5022934,120.5751268
18.5021817,120.5750338
18.5020721,120.5749431
18.5019622,120.5748437
18.5018547,120.5747511
18.5017454,120.5746572
18.5016399,120.574565
18.5015339,120.5744751
18.5014214,120.5743791
18.5013148,120.5742889
18.5012039,120.5741991
18.5010935,120.5741078
18.5009838,120.574017
18.5008749,120.5739255
18.5007653,120.5738364
18.5006513,120.5737481
18.5005392,120.5736582
18.5004244,120.5735672
18.5003069,120.5734702
18.5001919,120.5733804
18.5000772,120.5732878
18.4999637,120.5731972
18.4998454,120.5731089
18.4997301,120.5730205
18.4996133,120.5729329
18.4994918,120.5728451
18.4993744,120.5727624
18.4992578,120.5726795
18.4991382,120.5725991
18.4990182,120.572522
18.4988948,120.5724499
18.4987703,120.5723768
18.4986462,120.5723023
18.4985223,120.5722296
18.4984007,120.5721592
18.4982745,120.5720872
18.4981505,120.5720162
18.4980271,120.571948
18.4979046,120.5718778
18.4977785,120.5718101
18.4976547,120.5717425
18.4975342,120.5716777
18.4974107,120.5716091
18.4972949,120.5715339
18.4971713,120.5714625
18.4970438,120.5713969
18.49692,120.5713309
18.4967937,120.5712768
18.4966661,120.5712174
18.4965393,120.5711603
18.4964097,120.5711056
18.4962777,120.5710479
18.4961501,120.5709914
18.4960191,120.5709325
18.4958926,120.5708869
18.4957672,120.5708295
18.4956372,120.5707759
18.4955104,120.5707206
18.4953805,120.5706672
18.4952543,120.5706126
18.4951279,120.570556
18.4950033,120.5705082
18.4948701,120.5704629
18.4947422,120.5704359
18.4946068,120.5704136
18.4944727,120.5703933
18.494336,120.5703795
18.4942067,120.5703697
18.4940661,120.5703634
18.4939261,120.5703502
18.4937871,120.5703426
18.4936473,120.5703331
18.4935086,120.5703246
18.493372,120.5703234
18.4932365,120.5703161
18.4930994,120.5703105
18.492965,120.5703024
18.4928321,120.5702907
18.4926986,120.5702823
18.492568,120.5702778
18.492437,120.5702724
18.4923076,120.5702658
18.4921775,120.5702617
18.4920491,120.5702589
18.4919233,120.5702513
18.491795,120.5702442
18.4916642,120.5702379
18.4915293,120.5702361
18.4913921,120.5702262
18.4912563,120.5702208
18.4911199,120.5702175
18.4909884,120.5702177
18.4908489,120.5702184
18.4907079,120.5702199
18.4905675,120.5702262
18.4904256,120.5702289
18.4902859,120.5702314
18.4901428,120.5702357
18.4900022,120.5702352
18.4898655,120.5702409
18.4897279,120.5702484
18.4895913,120.5702484
18.4894565,120.5702527
18.4893222,120.5702607
18.4891848,120.5702699
18.4890516,120.5702783
18.4889189,120.5702915
18.4887856,120.5703005
18.4886579,120.5703027
18.4885212,120.5703046
18.4883854,120.5703073
18.4882483,120.5703146
18.4881136,120.570319
18.4879766,120.5703221
18.4878387,120.5703214
18.4876978,120.570333
18.4875562,120.5703438
18.4874151,120.5703557
18.4872719,120.5703698
18.4871278,120.570381
18.4869854,120.5703962
18.4868433,120.5704171
18.4867086,120.5704256
18.486575,120.5704475
18.4864427,120.5704653
18.4863118,120.5704897
18.4861784,120.5705155
18.4860465,120.5705428
18.4859154,120.5705719
18.4857835,120.5706018
18.4856502,120.570628
18.4855164,120.5706595
18.4853818,120.5706911
18.4852468,120.5707191
18.4851106,120.5707496
18.4849805,120.5707807
18.4848533,120.5708122
18.4847252,120.5708439
18.4845986,120.5708747
18.4844773,120.5709066
18.4843551,120.5709352
18.4842377,120.570959
18.4841208,120.5709865
18.484004,120.5710172
18.4838883,120.5710442
18.4837734,120.5710722
18.4836597,120.5710991
18.4835493,120.5711279
18.4834386,120.5711596
18.4833294,120.5711917
18.4832221,120.571228
18.4831187,120.5712754
18.4830133,120.5713309
18.482914,120.5713952
18.4828171,120.571462
18.4827226,120.5715296
18.4826295,120.5715965
18.4825314,120.5716637
18.4824321,120.5717298
18.4823309,120.5718051
18.4822273,120.5718813
18.482122,120.5719597
18.4820134,120.5720414
18.4819073,120.5721173
18.4818045,120.5721951
18.481701,120.5722719
18.4815992,120.5723499
18.4815,120.5724263
18.4814046,120.5725102
18.4813098,120.5725984
18.4812146,120.5726885
18.4811234,120.5727799
18.481033,120.5728809
18.4809477,120.5729837
18.4808712,120.5730922
18.480793,120.5732045
18.4807121,120.5733019
18.4806314,120.5734072
18.480553,120.5735211
18.4804757,120.5736299
18.4803981,120.5737327
18.4803186,120.5738395
18.4802438,120.5739413
18.4801649,120.5740514
18.4800848,120.5741611
18.4800026,120.5742719
18.4799174,120.5743786
18.4798297,120.5744845
18.4797457,120.5745897
18.479664,120.5746941
18.479579,120.5747922
18.479493,120.5748851
18.4793919,120.574965
18.4792835,120.5750342
18.4791674,120.5750871
18.4790458,120.5751258
18.4789201,120.575146
18.4787938,120.5751649
18.4786658,120.57518
18.4785386,120.5751936
18.4784055,120.5752111
18.4782766,120.5752252
18.4781519,120.5752402
18.4780281,120.5752561
18.4779039,120.5752725
18.4777779,120.5752873
18.4776515,120.5753059
18.4775189,120.5753172
18.4773898,120.5753396
18.4772625,120.5753593
18.4771347,120.5753848
18.47701,120.5754042
18.4768813,120.5754247
18.4767565,120.5754441
18.4766277,120.5754723
18.4764961,120.5755017
18.4763586,120.5755334
18.4762275,120.5755628
18.4760942,120.5755902
18.4759644,120.5756201
18.4758365,120.5756502
18.4757109,120.5756921
18.4755862,120.5757371
18.4754608,120.5757851
18.4753383,120.5758378
18.4752118,120.5758911
18.4750877,120.5759443
18.4749632,120.5759988
18.4748328,120.5760546
18.474712,120.5761076
18.4745881,120.5761529
18.4744626,120.5761918
18.4743372,120.576224
18.4742122,120.5762518
18.474087,120.5762823
18.473968,120.576308
18.4738405,120.5763387
18.4737192,120.576363
18.4735909,120.5763948
18.4734643,120.5764264
18.4733393,120.5764597
18.4732142,120.5764859
18.4730898,120.5765138
18.47296,120.5765467
18.472824,120.5765816
18.4726951,120.5766143
18.4725679,120.5766484
18.4724431,120.5766882
18.4723153,120.5767233
18.472186,120.5767578
18.4720636,120.5767971
18.4719384,120.5768344
18.4718157,120.5768776
18.4716962,120.5769242
18.4715744,120.5769662
18.4714486,120.577011
18.4713192,120.5770525
18.471192,120.5771005
18.4710657,120.5771411
18.4709387,120.5771823
18.4708158,120.577217
18.4706958,120.5772559
18.470574,120.5772979
18.4704602,120.5773361
18.4703434,120.5773677
18.4702269,120.5773983
18.4701154,120.577433
18.4700061,120.5774629
18.4698981,120.5774959
18.4697888,120.5775252
18.4696718,120.5775571
18.4695588,120.5775855
18.4694462,120.5776094
18.4693317,120.5776406
18.4692145,120.5776716
18.4691075,120.5777072
18.4689902,120.5777403
18.4688795,120.577767
18.4687652,120.5777966
18.4686452,120.5778255
18.4685226,120.5778539
18.4683984,120.57788
18.4682784,120.5779095
18.4681526,120.5779384
18.4680288,120.5779689
18.4679035,120.5780032
18.4677812,120.5780324
18.4676581,120.5780682
18.4675335,120.5781037
18.4674081,120.5781364
18.4672891,120.578169
18.4671639,120.5782008
18.4670494,120.5782367
18.4669369,120.5782708
18.466827,120.5783078
18.4667214,120.5783406
18.4666143,120.5783717
18.4665172,120.5784012
18.4664016,120.5784494
18.4662965,120.578488
18.466186,120.5785281
18.4660702,120.5785745
18.4659548,120.5786173
18.4658308,120.5786609
18.4657034,120.5787024
18.4655762,120.578736
18.4654542,120.5787691
18.4653304,120.5788085
18.4652023,120.5788477
18.4650819,120.5788791
18.4649564,120.5789234
18.464833,120.578963
18.4647143,120.5789981
18.4645925,120.5790352
18.4644761,120.5790688
18.4643528,120.579109
18.4642279,120.5791493
18.4641012,120.5791946
18.463972,120.5792388
18.4638367,120.5792821
18.4637047,120.579328
18.4635726,120.5793713
18.4634453,120.5794144
18.4633178,120.5794547
18.4631832,120.5794943
18.4630513,120.5795388
18.4629195,120.5795825
18.4627878,120.579626
18.4626616,120.5796705
18.462536,120.579717
18.4624112,120.5797621
18.4622895,120.5798042
18.462165,120.5798451
18.4620378,120.5798894
18.4619131,120.5799254
18.4617863,120.5799647
18.4616594,120.580002
18.4615346,120.5800439
18.4614073,120.5800841
18.4612806,120.5801279
18.4611498,120.5801697
18.461025,120.580213
18.4608974,120.5802529
18.4607686,120.58029
18.4606427,120.5803291
18.4605209,120.58037
18.4603995,120.5804156
18.460274,120.5804572
18.460152,120.5804974
18.4600275,120.5805342
18.459901,120.5805747
18.4597711,120.5806169
18.4596386,120.58066
18.4595117,120.5807014
18.4593846,120.5807399
18.4592593,120.5807685
18.4591332,120.5807832
18.4590049,120.5807875
18.4588752,120.5807821
18.4587482,120.5807715
18.4586202,120.5807621
18.4584909,120.5807462
18.458363,120.5807239
18.4582309,120.5806996
18.458101,120.5806811
18.4579644,120.5806649
18.4578305,120.5806495
18.4576979,120.5806352
18.4575655,120.580618
18.4574341,120.5806019
18.4573043,120.5805867
18.4571791,120.5805744
18.4570522,120.58056
18.4569238,120.5805482
18.4567957,120.5805357
18.4566673,120.5805326
18.4565342,120.5805394
18.4564026,120.5805532
18.4562687,120.5805698
18.4561361,120.5805853
18.4560044,120.5806235
18.4558733,120.5806619
18.4557468,120.5807086
18.4556205,120.5807854
18.4555046,120.5808523
18.4553797,120.580933
18.4552552,120.5809998
18.4551328,120.581073
18.4550038,120.5811467
18.4548772,120.5812187
18.454751,120.5812929
18.4546241,120.5813664
18.4544996,120.581442
18.4543744,120.5815148
18.454251,120.5815883
18.4541284,120.5816623
18.4540013,120.5817257
18.4538779,120.5817938
18.4537517,120.5818593
18.4536255,120.5819239
18.4534987,120.5819839
18.4533684,120.5820384
18.453243,120.5820896
18.4531054,120.5821431
18.4529691,120.5821932
18.45283,120.5822343
18.4526926,120.58227
18.4525513,120.5823038
18.4524131,120.5823401
18.4522716,120.5823659
18.4521374,120.5823866
18.4519968,120.5824025
18.451855,120.5824192
18.4517171,120.5824334
18.4515792,120.5824516
18.4514375,120.5824671
18.4512967,120.5824774
18.4511592,120.5824886
18.4510192,120.5825014
18.4508818,120.5825175
18.4507453,120.5825264
18.4506104,120.5825387
18.4504722,120.5825515
18.450336,120.5825662
18.4501987,120.5825782
18.450062,120.5825973
18.4499274,120.5826112
18.4497929,120.5826263
18.4496572,120.5826359
18.4495185,120.5826417
18.4493811,120.5826455
18.4492485,120.5826504
18.4491141,120.5826515
18.4489751,120.5826564
18.4488441,120.5826618
18.4487119,120.5826739
18.4485845,120.5826828
18.4484554,120.5826885
18.4483344,120.5826984
18.4482071,120.5827058
18.4480809,120.5827117
18.4479576,120.5827168
18.4478305,120.5827223
18.4477007,120.5827263
18.447566,120.5827294
18.4474373,120.5827318
18.4473045,120.5827357
18.4471714,120.5827421
18.4470386,120.5827468
18.446906,120.5827491
18.4467731,120.5827451
18.4466404,120.5827489
18.4465017,120.5827573
18.4463667,120.5827735
18.4462261,120.5827815
18.4460919,120.5828004
18.4459516,120.5828184
18.4458102,120.582836
18.4456684,120.5828536
18.4455265,120.5828704
18.4453884,120.5828899
18.445251,120.5829073
18.4451074,120.5829242
18.4449685,120.5829377
18.4448382,120.5829512
18.4447016,120.5829681
18.444572,120.5829807
18.4444442,120.5829953
18.4443177,120.5830033
18.4441908,120.5830122
18.4440653,120.5830229
18.4439343,120.5830335
18.4438138,120.5830375
18.4436881,120.5830446
18.4435647,120.5830604
18.4434339,120.5830723
18.4433046,120.5830882
18.4431746,120.5831064
18.4430422,120.5831224
18.4429068,120.5831452
18.4427765,120.5831777
18.4426434,120.5832157
18.4425133,120.5832576
18.4423907,120.5833058
18.4422702,120.5833498
18.4421454,120.5834122
18.4420281,120.5834681
18.4419157,120.5835218
18.4418054,120.5835744
18.4416973,120.5836275
18.4415819,120.5836778
18.4414695,120.5837248
18.4413536,120.5837648
18.4412361,120.5838015
18.441115,120.5838319
18.4409941,120.5838602
18.4408701,120.5838839
18.4407346,120.5839096
18.4406005,120.5839296
18.440463,120.5839552
18.4403281,120.5839728
18.4401884,120.5839926
18.4400512,120.5840115
18.4399141,120.5840337
18.439779,120.5840503
18.439641,120.5840758
18.4395037,120.584099
18.4393669,120.5841271
18.4392295,120.5841585
18.439091,120.5841965
18.4389534,120.5842389
18.4388212,120.584282
18.4386908,120.5843281
18.4385611,120.5843772
18.4384317,120.584426
18.4383035,120.5844764
18.4381757,120.5845277
18.4380485,120.5845796
18.4379235,120.5846274
18.4377965,120.5846685
18.4376709,120.5847115
18.4375397,120.5847668
18.437409,120.5848157
18.4372742,120.5848687
18.4371403,120.5849165
18.4370057,120.5849699
18.4368721,120.585023
18.4367407,120.5850721
18.4366083,120.5851314
18.4364802,120.5851811
18.4363532,120.5852227
18.4362226,120.5852707
18.4360935,120.5853108
18.4359618,120.585359
18.4358358,120.5854149
18.4357011,120.5854726
18.4355693,120.5855292
18.4354383,120.5855895
18.4353086,120.5856506
18.435177,120.5857141
18.4350481,120.5857839
18.4349214,120.5858535
18.4347957,120.5859291
18.4346739,120.5860097
18.4345526,120.5860933
18.4344344,120.5861787
18.4343158,120.5862662
18.4341983,120.5863539
18.4340831,120.5864485
18.4339748,120.5865329
18.4338633,120.5866123
18.433754,120.5866894
18.4336416,120.5867618
18.4335213,120.5868252
18.433397,120.5868877
18.4332716,120.5869485
18.4331468,120.587013
18.4330254,120.5870793
18.4329076,120.587156
18.4327898,120.5872402
18.4326849,120.5873372
18.4325785,120.5874374
18.4324745,120.5875463
18.4323741,120.587654
18.4322747,120.5877609
18.4321771,120.5878674
18.4320795,120.5879749
18.4319833,120.5880793
18.4318853,120.5881848
18.4317887,120.5882906
18.4316927,120.5883924
18.4315954,120.588498
18.4314947,120.5886025
18.4313952,120.588699
18.431293,120.5887965
18.4311958,120.5888955
18.4310974,120.5889979
18.4309982,120.5890942
18.4308992,120.5891915
18.4307964,120.5892896
18.4306896,120.589382
18.4305779,120.5894671
18.4304607,120.5895431
18.4303446,120.5896119
18.4302308,120.5896689
18.4301167,120.5897367
18.4300079,120.5897944
18.4298959,120.5898558
18.4297877,120.5899235
18.4296823,120.5899926
18.4295825,120.5900705
18.4294767,120.5901509
18.4293728,120.5902293
18.4292747,120.5903089
18.4291719,120.5903854
18.4290678,120.5904592
18.4289652,120.5905276
18.4288594,120.5905887
18.4287521,120.5906453
18.4286469,120.590686
18.428528,120.5907244
18.4284074,120.5907489
18.428284,120.5907545
18.4281507,120.5907365
18.4280214,120.5907328
18.4278916,120.5907252
18.4277685,120.5907196
18.4276409,120.5907114
18.4275085,120.5907111
18.4273779,120.5907023
18.4272502,120.5906887
18.4271167,120.5906825
18.4269834,120.5906742
18.426852,120.5906814
18.4267177,120.5906902
18.4265913,120.5907096
18.4264662,120.5907313
18.4263363,120.590756
18.4262127,120.5907799
18.4260875,120.5908034
18.4259655,120.5908278
18.425845,120.5908514
18.4257256,120.5908815
18.4256092,120.5909184
18.4254984,120.5909647
18.4253856,120.5910198
18.4252794,120.5910864
18.4251719,120.5911584
18.4250631,120.5912273
18.4249494,120.5912949
18.4248344,120.5913582
18.4247155,120.5914184
18.4245944,120.5914797
18.4244756,120.5915384
18.4243552,120.5915945
18.4242347,120.5916482
18.4241146,120.5916995
18.4239962,120.5917462
18.4238826,120.5917895
18.4237646,120.5918268
18.4236473,120.5918478
18.4235292,120.5918623
18.4234068,120.5918627
18.4232812,120.5918542
18.4231583,120.5918456
18.4230335,120.5918322
18.4229073,120.5918152
18.4227769,120.5917996
18.4226432,120.5917799
18.4225076,120.5917594
18.4223694,120.5917372
18.4222278,120.5917155
18.4220869,120.5916924
18.4219439,120.5916705
18.421801,120.5916517
18.4216593,120.5916377
18.4215205,120.5916331
18.4213808,120.5916341
18.4212436,120.5916426
18.4211069,120.5916559
18.4209713,120.5916721
18.4208366,120.591698
18.4207021,120.5917256
18.4205731,120.5917541
18.4204412,120.591782
18.4203094,120.5918087
18.4201754,120.5918387
18.4200459,120.5918692
18.4199187,120.5919009
18.4197898,120.5919307
18.4196605,120.5919631
18.4195307,120.5919964
18.419398,120.592026
18.4192647,120.5920607
18.4191313,120.5920943
18.4189985,120.5921261
18.4188668,120.5921578
18.4187345,120.5921909
18.4185973,120.5922225
18.4184609,120.592257
18.4183255,120.5922938
18.4181866,120.5923294
18.4180488,120.592365
18.4179065,120.5924019
18.4177666,120.5924405
18.4176227,120.5924808
18.4174879,120.5925223
18.4173514,120.5925635
18.4172148,120.5926003
18.4170758,120.5926372
18.4169382,120.5926888
18.4168017,120.5927422
18.4166769,120.5927924
18.4165464,120.5928524
18.4164234,120.5929175
18.4163036,120.5929803
18.416183,120.593056
18.4160677,120.5931351
18.4159528,120.593215
18.4158351,120.5932975
18.4157221,120.5933755
18.4156062,120.593463
18.4154901,120.59354
18.4153752,120.5936157
18.4152671,120.5936958
18.4151536,120.5937744
18.4150498,120.5938512
18.4149514,120.5939263
18.4148491,120.5940017
18.4147521,120.5940727
18.4146548,120.5941465
18.4145532,120.5942115
18.414453,120.5942781
18.4143609,120.5943336
18.4142621,120.5944018
18.4141608,120.5944695
18.4140633,120.5945445
18.4139623,120.5946185
18.4138592,120.5946863
18.4137617,120.5947493
18.413659,120.5948076
18.4135622,120.5948556
18.4134824,120.5948958
